10935,安庆站,所属省份,13077,安徽省
10936,安庆西站,所属省份,13077,安徽省
12466,蚌埠站,所属省份,13077,安徽省
12465,蚌埠南站,所属省份,13077,安徽省
10275,亳州站,所属省份,13077,安徽省
10274,亳州南站,所属省份,13077,安徽省
12755,长临河站,所属省份,13077,安徽省
11097,巢湖站,所属省份,13077,安徽省
11096,巢湖东站,所属省份,13077,安徽省
11777,池州站,所属省份,13077,安徽省
11957,滁州站,所属省份,13077,安徽省
11956,滁州北站,所属省份,13077,安徽省
12186,砀山站,所属省份,13077,安徽省
12185,砀山南站,所属省份,13077,安徽省
11251,当涂东站,所属省份,13077,安徽省
10962,定远站,所属省份,13077,安徽省
10108,东至站,所属省份,13077,安徽省
12256,繁昌西站,所属省份,13077,安徽省
10423,凤台南站,所属省份,13077,安徽省
12795,阜南站,所属省份,13077,安徽省
12801,阜阳站,所属省份,13077,安徽省
12802,阜阳西站,所属省份,13077,安徽省
11176,广德站,所属省份,13077,安徽省
10720,固镇站,所属省份,13077,安徽省
10612,合肥站,所属省份,13077,安徽省
10610,合肥北城站,所属省份,13077,安徽省
10611,合肥南站,所属省份,13077,安徽省
11898,淮北站,所属省份,13077,安徽省
11897,淮北北站,所属省份,13077,安徽省
11901,淮南站,所属省份,13077,安徽省
11899,淮南东站,所属省份,13077,安徽省
11900,淮南南站,所属省份,13077,安徽省
13008,黄口站,所属省份,13077,安徽省
13011,黄山站,所属省份,13077,安徽省
13010,黄山北站,所属省份,13077,安徽省
12878,霍邱站,所属省份,13077,安徽省
12097,界首南站,所属省份,13077,安徽省
12098,界首市站,所属省份,13077,安徽省
11431,旌德站,所属省份,13077,安徽省
11844,泾县站,所属省份,13077,安徽省
12701,金寨站,所属省份,13077,安徽省
12292,绩溪北站,所属省份,13077,安徽省
12293,绩溪县站,所属省份,13077,安徽省
12005,灵璧站,所属省份,13077,安徽省
10156,临泉站,所属省份,13077,安徽省
10364,六安站,所属省份,13077,安徽省
13059,龙桥站,所属省份,13077,安徽省
11186,庐江站,所属省份,13077,安徽省
12353,芦庙站,所属省份,13077,安徽省
12944,马鞍山站,所属省份,13077,安徽省
12943,马鞍山东站,所属省份,13077,安徽省
10542,南陵站,所属省份,13077,安徽省
10913,宁国站,所属省份,13077,安徽省
12204,祁门站,所属省份,13077,安徽省
10349,全椒站,所属省份,13077,安徽省
11683,歙县北站,所属省份,13077,安徽省
11020,寿县站,所属省份,13077,安徽省
12344,舒城站,所属省份,13077,安徽省
11721,水家湖站,所属省份,13077,安徽省
11831,泗县站,所属省份,13077,安徽省
10999,宿松站,所属省份,13077,安徽省
10998,宿州站,所属省份,13077,安徽省
10997,宿州东站,所属省份,13077,安徽省
10854,太湖站,所属省份,13077,安徽省
10829,天柱山站,所属省份,13077,安徽省
11628,桐城站,所属省份,13077,安徽省
12731,铜陵站,所属省份,13077,安徽省
12730,铜陵北站,所属省份,13077,安徽省
11889,涡阳站,所属省份,13077,安徽省
12349,芜湖站,所属省份,13077,安徽省
11435,无为站,所属省份,13077,安徽省
11434,无为南站,所属省份,13077,安徽省
12428,萧县站,所属省份,13077,安徽省
12427,萧县北站,所属省份,13077,安徽省
11684,歙县站,所属省份,13077,安徽省
10987,宣城站,所属省份,13077,安徽省
11231,弋江站,所属省份,13077,安徽省
12924,颍上站,所属省份,13077,安徽省
12923,颍上北站,所属省份,13077,安徽省
10354,八达岭长城站,所属省份,13072,北京市
10460,北京站,所属省份,13072,北京市
10458,北京北站,所属省份,13072,北京市
10457,北京东站,所属省份,13072,北京市
10459,北京南站,所属省份,13072,北京市
10461,北京西站,所属省份,13072,北京市
10462,北宅站,所属省份,13072,北京市
11456,昌平站,所属省份,13072,北京市
11455,昌平北站,所属省份,13072,北京市
10797,大灰厂站,所属省份,13072,北京市
10760,大兴站,所属省份,13072,北京市
12952,高各庄站,所属省份,13072,北京市
10954,官高站,所属省份,13072,北京市
10907,孤山口站,所属省份,13072,北京市
13037,黑山寺站,所属省份,13072,北京市
11304,怀柔站,所属省份,13072,北京市
11303,怀柔北站,所属省份,13072,北京市
13014,黄村站,所属省份,13072,北京市
12345,良各庄站,所属省份,13072,北京市
11860,流水沟站,所属省份,13072,北京市
11193,庙城站,所属省份,13072,北京市
11001,密云北站,所属省份,13072,北京市
10535,南观村站,所属省份,13072,北京市
11141,平峪站,所属省份,13072,北京市
10210,乔庄东站,所属省份,13072,北京市
11919,清河站,所属省份,13072,北京市
10025,三合庄站,所属省份,13072,北京市
10028,三家店站,所属省份,13072,北京市
10053,上万站,所属省份,13072,北京市
10480,十渡站,所属省份,13072,北京市
12919,顺义站,所属省份,13072,北京市
12283,统军庄站,所属省份,13072,北京市
12619,通州站,所属省份,13072,北京市
12620,通州西站,所属省份,13072,北京市
12862,雁栖湖站,所属省份,13072,北京市
12021,燕山站,所属省份,13072,北京市
10234,云居寺站,所属省份,13072,北京市
11246,张辛站,所属省份,13072,北京市
10931,安富镇站,所属省份,13096,重庆市
11591,柏林站,所属省份,13096,重庆市
12137,白马站,所属省份,13096,重庆市
12117,白沙站,所属省份,13096,重庆市
12116,白沙沱站,所属省份,13096,重庆市
12124,白涛站,所属省份,13096,重庆市
10319,保家楼站,所属省份,13096,重庆市
12071,璧山站,所属省份,13096,重庆市
12778,长河碥站,所属省份,13096,重庆市
12767,长寿站,所属省份,13096,重庆市
12765,长寿北站,所属省份,13096,重庆市
12766,长寿湖站,所属省份,13096,重庆市
12781,长潭沟站,所属省份,13096,重庆市
12693,重庆站,所属省份,13096,重庆市
12691,重庆北站,所属省份,13096,重庆市
12692,重庆南站,所属省份,13096,重庆市
12694,重庆西站,所属省份,13096,重庆市
12392,茨坝站,所属省份,13096,重庆市
10816,大足站,所属省份,13096,重庆市
10815,大足南站,所属省份,13096,重庆市
10736,垫江站,所属省份,13096,重庆市
10141,丰都站,所属省份,13096,重庆市
11087,峰高铺站,所属省份,13096,重庆市
11891,涪陵站,所属省份,13096,重庆市
11890,涪陵北站,所属省份,13096,重庆市
10750,复盛站,所属省份,13096,重庆市
12575,赶水站,所属省份,13096,重庆市
12574,赶水东站,所属省份,13096,重庆市
11830,泔溪站,所属省份,13096,重庆市
11127,干溪沟站,所属省份,13096,重庆市
12969,高谷站,所属省份,13096,重庆市
11180,广顺场站,所属省份,13096,重庆市
10592,古家沱站,所属省份,13096,重庆市
10608,合川站,所属省份,13096,重庆市
11615,核桃园站,所属省份,13096,重庆市
13025,黄磏站,所属省份,13096,重庆市
11773,江津站,所属省份,13096,重庆市
12696,金刚沱站,所属省份,13096,重庆市
11648,梁平站,所属省份,13096,重庆市
11647,梁平南站,所属省份,13096,重庆市
10147,临江场站,所属省份,13096,重庆市
13061,龙池站,所属省份,13096,重庆市
12059,珞璜南站,所属省份,13096,重庆市
11849,洛碛站,所属省份,13096,重庆市
11718,民福寺站,所属省份,13096,重庆市
11261,彭水站,所属省份,13096,重庆市
11157,平等站,所属省份,13096,重庆市
13041,黔江站,所属省份,13096,重庆市
12389,茄子溪站,所属省份,13096,重庆市
12254,綦江站,所属省份,13096,重庆市
12253,綦江东站,所属省份,13096,重庆市
10010,七龙星站,所属省份,13096,重庆市
12403,荣昌站,所属省份,13096,重庆市
12402,荣昌北站,所属省份,13096,重庆市
10039,三江站,所属省份,13096,重庆市
11803,沙坪坝站,所属省份,13096,重庆市
12163,石场站,所属省份,13096,重庆市
12182,石门坎站,所属省份,13096,重庆市
12173,石柱县站,所属省份,13096,重庆市
10578,双石桥站,所属省份,13096,重庆市
12729,铜罐驿站,所属省份,13096,重庆市
11992,潼南站,所属省份,13096,重庆市
10016,万州站,所属省份,13096,重庆市
10015,万州北站,所属省份,13096,重庆市
11708,武隆站,所属省份,13096,重庆市
10751,夏坝站,所属省份,13096,重庆市
11027,小南海站,所属省份,13096,重庆市
12229,秀山站,所属省份,13096,重庆市
11739,永川站,所属省份,13096,重庆市
11738,永川东站,所属省份,13096,重庆市
11825,油溪站,所属省份,13096,重庆市
12685,酉阳站,所属省份,13096,重庆市
12975,鱼泉站,所属省份,13096,重庆市
12657,郁山站,所属省份,13096,重庆市
12749,镇紫街站,所属省份,13096,重庆市
10127,中嘴站,所属省份,13096,重庆市
11524,朱杨溪站,所属省份,13096,重庆市
12774,长汀南站,所属省份,13092,福建省
12214,福安站,所属省份,13092,福建省
12224,福鼎站,所属省份,13092,福建省
12221,福清站,所属省份,13092,福建省
12218,福州站,所属省份,13092,福建省
12217,福州南站,所属省份,13092,福建省
10340,光泽站,所属省份,13092,福建省
10412,冠豸山站,所属省份,13092,福建省
10597,古田站,所属省份,13092,福建省
10596,古田北站,所属省份,13092,福建省
10595,古田会址站,所属省份,13092,福建省
11892,涵江站,所属省份,13092,福建省
11315,惠安站,所属省份,13092,福建省
11023,将乐站,所属省份,13092,福建省
11211,建宁县北站,所属省份,13092,福建省
11218,建瓯站,所属省份,13092,福建省
11219,建瓯西站,所属省份,13092,福建省
11220,建阳站,所属省份,13092,福建省
12523,角美站,所属省份,13092,福建省
11472,晋江站,所属省份,13092,福建省
12609,连江站,所属省份,13092,福建省
13056,龙岩站,所属省份,13092,福建省
12305,罗源站,所属省份,13092,福建省
12792,闽清北站,所属省份,13092,福建省
10544,南靖站,所属省份,13092,福建省
10516,南平北站,所属省份,13092,福建省
10517,南平市站,所属省份,13092,福建省
10916,宁德站,所属省份,13092,福建省
12404,莆田站,所属省份,13092,福建省
11827,泉州站,所属省份,13092,福建省
10031,三明站,所属省份,13092,福建省
10030,三明北站,所属省份,13092,福建省
12650,邵武站,所属省份,13092,福建省
10574,双洋站,所属省份,13092,福建省
12922,顺昌站,所属省份,13092,福建省
10850,太姥山站,所属省份,13092,福建省
11838,泰宁站,所属省份,13092,福建省
11695,武夷山站,所属省份,13092,福建省
11694,武夷山北站,所属省份,13092,福建省
11693,武夷山东站,所属省份,13092,福建省
10560,厦门站,所属省份,13092,福建省
10559,厦门北站,所属省份,13092,福建省
10285,仙游站,所属省份,13092,福建省
12879,霞浦站,所属省份,13092,福建省
11207,延平站,所属省份,13092,福建省
11206,延平东站,所属省份,13092,福建省
11208,延平西站,所属省份,13092,福建省
12863,雁石南站,所属省份,13092,福建省
11735,永安南站,所属省份,13092,福建省
11736,永定站,所属省份,13092,福建省
11743,永泰站,所属省份,13092,福建省
11051,尤溪站,所属省份,13092,福建省
10240,云霄站,所属省份,13092,福建省
11980,漳平西站,所属省份,13092,福建省
11981,漳浦站,所属省份,13092,福建省
11979,漳州站,所属省份,13092,福建省
12532,诏安站,所属省份,13092,福建省
10925,安口窑站,所属省份,13091,甘肃省
12130,白银市站,所属省份,13091,甘肃省
12131,白银西站,所属省份,13091,甘肃省
12762,长城站,所属省份,13091,甘肃省
12769,长庆桥站,所属省份,13091,甘肃省
12770,长征站,所属省份,13091,甘肃省
12847,陈官营站,所属省份,13091,甘肃省
11089,崇信站,所属省份,13091,甘肃省
11334,打柴沟站,所属省份,13091,甘肃省
10960,定西站,所属省份,13091,甘肃省
10959,定西北站,所属省份,13091,甘肃省
10300,低窝铺站,所属省份,13091,甘肃省
10092,东岔站,所属省份,13091,甘肃省
10105,东湾站,所属省份,13091,甘肃省
11368,敦煌站,所属省份,13091,甘肃省
10140,丰水村站,所属省份,13091,甘肃省
12085,甘草店站,所属省份,13091,甘肃省
12086,甘谷站,所属省份,13091,甘肃省
12142,皋兰站,所属省份,13091,甘肃省
12951,高台站,所属省份,13091,甘肃省
12949,高台南站,所属省份,13091,甘肃省
12072,瓜州站,所属省份,13091,甘肃省
10593,古浪站,所属省份,13091,甘肃省
10675,哈达铺站,所属省份,13091,甘肃省
11882,海石湾站,所属省份,13091,甘肃省
13034,黑冲滩站,所属省份,13091,甘肃省
12552,贺家店站,所属省份,13091,甘肃省
11819,河口南站,所属省份,13091,甘肃省
10952,宏庆站,所属省份,13091,甘肃省
12270,红砂岘站,所属省份,13091,甘肃省
12262,红岘台站,所属省份,13091,甘肃省
13028,黄羊镇站,所属省份,13091,甘肃省
11292,徽县站,所属省份,13091,甘肃省
10701,嘉峪关站,所属省份,13091,甘肃省
10700,嘉峪关南站,所属省份,13091,甘肃省
12355,芨岭站,所属省份,13091,甘肃省
12705,金昌站,所属省份,13091,甘肃省
11845,泾川站,所属省份,13091,甘肃省
11487,景泰站,所属省份,13091,甘肃省
12754,镜铁山站,所属省份,13091,甘肃省
12905,靖远站,所属省份,13091,甘肃省
12906,靖远西站,所属省份,13091,甘肃省
12687,酒泉站,所属省份,13091,甘肃省
12686,酒泉南站,所属省份,13091,甘肃省
12039,狼尾山站,所属省份,13091,甘肃省
10375,兰州站,所属省份,13091,甘肃省
10373,兰州东站,所属省份,13091,甘肃省
10376,兰州西站,所属省份,13091,甘肃省
10374,兰州新区站,所属省份,13091,甘肃省
10122,两当站,所属省份,13091,甘肃省
11528,李家坪站,所属省份,13091,甘肃省
10158,临泽站,所属省份,13091,甘肃省
10157,临泽南站,所属省份,13091,甘肃省
11608,柳沟站,所属省份,13091,甘肃省
11599,柳园站,所属省份,13091,甘肃省
11598,柳园南站,所属省份,13091,甘肃省
13062,龙沟站,所属省份,13091,甘肃省
12844,陇南站,所属省份,13091,甘肃省
13063,龙泉寺站,所属省份,13091,甘肃省
12846,陇西站,所属省份,13091,甘肃省
12295,绿化站,所属省份,13091,甘肃省
11850,洛门站,所属省份,13091,甘肃省
11196,庙庄站,所属省份,13091,甘肃省
11714,民乐站,所属省份,13091,甘肃省
11081,岷县站,所属省份,13091,甘肃省
10528,南河川站,所属省份,13091,甘肃省
12196,磐安镇站,所属省份,13091,甘肃省
11130,平凉站,所属省份,13091,甘肃省
11129,平凉南站,所属省份,13091,甘肃省
11133,平原堡站,所属省份,13091,甘肃省
10734,坡底下站,所属省份,13091,甘肃省
11641,桥湾站,所属省份,13091,甘肃省
11642,桥西站,所属省份,13091,甘肃省
12230,秦安站,所属省份,13091,甘肃省
11917,清水站,所属省份,13091,甘肃省
11915,清水北站,所属省份,13091,甘肃省
11916,清水县站,所属省份,13091,甘肃省
10051,三阳川站,所属省份,13091,甘肃省
11057,山丹站,所属省份,13091,甘肃省
10063,上腰墩站,所属省份,13091,甘肃省
12649,邵家堂站,所属省份,13091,甘肃省
11726,水源站,所属省份,13091,甘肃省
12101,疏勒河站,所属省份,13091,甘肃省
12535,谭家井站,所属省份,13091,甘肃省
10834,天水站,所属省份,13091,甘肃省
10833,天水南站,所属省份,13091,甘肃省
10841,天祝站,所属省份,13091,甘肃省
12618,通安驿站,所属省份,13091,甘肃省
12623,通渭站,所属省份,13091,甘肃省
10731,土门子站,所属省份,13091,甘肃省
11939,渭南镇站,所属省份,13091,甘肃省
11940,渭源站,所属省份,13091,甘肃省
10639,吴家川站,所属省份,13091,甘肃省
11699,武山站,所属省份,13091,甘肃省
11697,武威站,所属省份,13091,甘肃省
11696,武威南站,所属省份,13091,甘肃省
10752,夏官营站,所属省份,13091,甘肃省
12495,西固站,所属省份,13091,甘肃省
12494,西固城站,所属省份,13091,甘肃省
10398,兴泉堡站,所属省份,13091,甘肃省
11404,新李站,所属省份,13091,甘肃省
11423,新阳镇站,所属省份,13091,甘肃省
12527,许家台站,所属省份,13091,甘肃省
12526,许三湾站,所属省份,13091,甘肃省
11747,永登站,所属省份,13091,甘肃省
10717,园墩站,所属省份,13091,甘肃省
12985,鸳鸯镇站,所属省份,13091,甘肃省
12051,玉门站,所属省份,13091,甘肃省
12049,玉石站,所属省份,13091,甘肃省
11663,榆中站,所属省份,13091,甘肃省
11238,张家川站,所属省份,13091,甘肃省
11978,漳县站,所属省份,13091,甘肃省
11241,张掖站,所属省份,13091,甘肃省
11242,张掖西站,所属省份,13091,甘肃省
10134,中川机场站,所属省份,13091,甘肃省
11522,朱家窑站,所属省份,13091,甘肃省
10471,北滘站,所属省份,13080,广东省
11120,常平站,所属省份,13080,广东省
11118,常平东站,所属省份,13080,广东省
11119,常平南站,所属省份,13080,广东省
11989,潮汕站,所属省份,13080,广东省
11990,潮阳站,所属省份,13080,广东省
11988,潮州站,所属省份,13080,广东省
10785,大朗镇站,所属省份,13080,广东省
10172,丹霞山站,所属省份,13080,广东省
12634,道滘站,所属省份,13080,广东省
10767,大埔站,所属省份,13080,广东省
10783,大旺站,所属省份,13080,广东省
12095,电白站,所属省份,13080,广东省
13043,鼎湖东站,所属省份,13080,广东省
13044,鼎湖山站,所属省份,13080,广东省
10088,东城南站,所属省份,13080,广东省
10111,东莞站,所属省份,13080,广东省
10110,东莞东站,所属省份,13080,广东省
10112,东莞西站,所属省份,13080,广东省
10084,东升站,所属省份,13080,广东省
12243,端州站,所属省份,13080,广东省
11307,恩平站,所属省份,13080,广东省
10144,丰顺站,所属省份,13080,广东省
10143,丰顺东站,所属省份,13080,广东省
10307,佛山站,所属省份,13080,广东省
10308,佛山西站,所属省份,13080,广东省
12223,福田站,所属省份,13080,广东省
12960,高州站,所属省份,13080,广东省
10338,光明城站,所属省份,13080,广东省
11168,广宁站,所属省份,13080,广东省
11174,广州站,所属省份,13080,广东省
11172,广州北站,所属省份,13080,广东省
11171,广州东站,所属省份,13080,广东省
11173,广州南站,所属省份,13080,广东省
10599,古镇站,所属省份,13080,广东省
11820,河唇站,所属省份,13080,广东省
11823,河源站,所属省份,13080,广东省
12980,鲘门站,所属省份,13080,广东省
11305,怀集站,所属省份,13080,广东省
10454,化州站,所属省份,13080,广东省
11313,惠东站,所属省份,13080,广东省
11319,惠环站,所属省份,13080,广东省
11318,惠州站,所属省份,13080,广东省
11317,惠州南站,所属省份,13080,广东省
12462,虎门站,所属省份,13080,广东省
11776,江门东站,所属省份,13080,广东省
11215,建桥站,所属省份,13080,广东省
11360,揭阳站,所属省份,13080,广东省
11359,揭阳机场站,所属省份,13080,广东省
11358,揭阳南站,所属省份,13080,广东省
11227,开平南站,所属省份,13080,广东省
12435,葵潭站,所属省份,13080,广东省
10205,乐昌站,所属省份,13080,广东省
10204,乐昌东站,所属省份,13080,广东省
12872,雷州站,所属省份,13080,广东省
11200,廉江站,所属省份,13080,广东省
11018,寮步站,所属省份,13080,广东省
11814,沥林北站,所属省份,13080,广东省
13057,龙川站,所属省份,13080,广东省
13049,龙丰站,所属省份,13080,广东省
12841,陆丰站,所属省份,13080,广东省
12383,茂名站,所属省份,13080,广东省
12384,茂名西站,所属省份,13080,广东省
12942,马踏站,所属省份,13080,广东省
11650,梅州站,所属省份,13080,广东省
11651,梅州西站,所属省份,13080,广东省
11462,明珠站,所属省份,13080,广东省
10525,南江口站,所属省份,13080,广东省
10521,南朗站,所属省份,13080,广东省
10509,南头站,所属省份,13080,广东省
10543,南雄站,所属省份,13080,广东省
10735,坪石站,所属省份,13080,广东省
11476,普宁站,所属省份,13080,广东省
10437,前山站,所属省份,13080,广东省
11184,庆盛站,所属省份,13080,广东省
11378,新会站,所属省份,13080,广东省
11922,清远站,所属省份,13080,广东省
12930,饶平站,所属省份,13080,广东省
10992,容桂站,所属省份,13080,广东省
10034,三水站,所属省份,13080,广东省
10032,三水北站,所属省份,13080,广东省
10033,三水南站,所属省份,13080,广东省
11759,汕头站,所属省份,13080,广东省
11760,汕尾站,所属省份,13080,广东省
12916,韶关站,所属省份,13080,广东省
12915,韶关东站,所属省份,13080,广东省
12100,畲江北站,所属省份,13080,广东省
11910,深圳站,所属省份,13080,广东省
11908,深圳北站,所属省份,13080,广东省
11907,深圳东站,所属省份,13080,广东省
11909,深圳坪山站,所属省份,13080,广东省
11911,深圳西站,所属省份,13080,广东省
12038,狮山站,所属省份,13080,广东省
12037,狮山北站,所属省份,13080,广东省
10871,始兴站,所属省份,13080,广东省
10571,双水镇站,所属省份,13080,广东省
12921,顺德站,所属省份,13080,广东省
12920,顺德学院站,所属省份,13080,广东省
10705,四会站,所属省份,13080,广东省
11557,松山湖北站,所属省份,13080,广东省
12630,遂溪站,所属省份,13080,广东省
10603,台山站,所属省份,13080,广东省
10678,唐家湾站,所属省份,13080,广东省
10640,吴川站,所属省份,13080,广东省
11044,小金口站,所属省份,13080,广东省
11038,小榄站,所属省份,13080,广东省
12515,西湖东站,所属省份,13080,广东省
10393,兴宁站,所属省份,13080,广东省
10323,信宜站,所属省份,13080,广东省
11271,徐闻站,所属省份,13080,广东省
12810,阳春站,所属省份,13080,广东省
12804,阳东站,所属省份,13080,广东省
12814,阳江站,所属省份,13080,广东省
12819,阳西站,所属省份,13080,广东省
12382,英德西站,所属省份,13080,广东省
12381,英德站,所属省份,13080,广东省
12736,银瓶站,所属省份,13080,广东省
11952,源潭站,所属省份,13080,广东省
12656,郁南站,所属省份,13080,广东省
10232,云东海站,所属省份,13080,广东省
10239,云浮东站,所属省份,13080,广东省
10235,云山站,所属省份,13080,广东省
11674,樟木头站,所属省份,13080,广东省
11673,樟木头东站,所属省份,13080,广东省
11946,湛江站,所属省份,13080,广东省
11947,湛江西站,所属省份,13080,广东省
12333,肇庆站,所属省份,13080,广东省
12332,肇庆东站,所属省份,13080,广东省
10287,仲恺站,所属省份,13080,广东省
10133,中山站,所属省份,13080,广东省
10132,中山北站,所属省份,13080,广东省
12062,珠海站,所属省份,13080,广东省
12061,珠海北站,所属省份,13080,广东省
12140,百色站,所属省份,13081,广西壮族自治区
10470,北海站,所属省份,13081,广西壮族自治区
10469,北流站,所属省份,13081,广西壮族自治区
10996,宾阳站,所属省份,13081,广西壮族自治区
10548,博白站,所属省份,13081,广西壮族自治区
11066,岑溪站,所属省份,13081,广西壮族自治区
11091,崇左站,所属省份,13081,广西壮族自治区
11279,德保站,所属省份,13081,广西壮族自治区
12803,防城港北站,所属省份,13081,广西壮族自治区
11006,富川站,所属省份,13081,广西壮族自治区
11341,扶绥站,所属省份,13081,广西壮族自治区
11309,恭城站,所属省份,13081,广西壮族自治区
12545,贵港站,所属省份,13081,广西壮族自治区
11620,桂林站,所属省份,13081,广西壮族自治区
11619,桂林北站,所属省份,13081,广西壮族自治区
11621,桂林西站,所属省份,13081,广西壮族自治区
11618,桂平站,所属省份,13081,广西壮族自治区
10609,合浦站,所属省份,13081,广西壮族自治区
12553,贺州站,所属省份,13081,广西壮族自治区
12699,金城江站,所属省份,13081,广西壮族自治区
12903,靖西站,所属省份,13081,广西壮族自治区
11539,来宾站,所属省份,13081,广西壮族自治区
11538,来宾北站,所属省份,13081,广西壮族自治区
11994,濑湍站,所属省份,13081,广西壮族自治区
13033,黎塘站,所属省份,13081,广西壮族自治区
11601,柳州站,所属省份,13081,广西壮族自治区
12856,隆安东站,所属省份,13081,广西壮族自治区
12842,陆川站,所属省份,13081,广西壮族自治区
12301,罗城站,所属省份,13081,广西壮族自治区
12998,鹿寨站,所属省份,13081,广西壮族自治区
12997,鹿寨北站,所属省份,13081,广西壮族自治区
10496,南丹站,所属省份,13081,广西壮族自治区
10511,南宁站,所属省份,13081,广西壮族自治区
10510,南宁东站,所属省份,13081,广西壮族自治区
10512,南宁西站,所属省份,13081,广西壮族自治区
10917,宁明站,所属省份,13081,广西壮族自治区
11149,平果站,所属省份,13081,广西壮族自治区
11131,平南南站,所属省份,13081,广西壮族自治区
10426,凭祥站,所属省份,13081,广西壮族自治区
12717,钦州东站,所属省份,13081,广西壮族自治区
10348,全州南站,所属省份,13081,广西壮族自治区
11927,渠旧站,所属省份,13081,广西壮族自治区
12469,融安站,所属省份,13081,广西壮族自治区
12470,融水站,所属省份,13081,广西壮族自治区
10991,容县站,所属省份,13081,广西壮族自治区
10036,三江南站,所属省份,13081,广西壮族自治区
10037,三江县站,所属省份,13081,广西壮族自治区
12457,藤县站,所属省份,13081,广西壮族自治区
12087,田东北站,所属省份,13081,广西壮族自治区
12089,田林站,所属省份,13081,广西壮族自治区
12091,田阳站,所属省份,13081,广西壮族自治区
10273,亭亮站,所属省份,13081,广西壮族自治区
11370,文地站,所属省份,13081,广西壮族自治区
10256,五通站,所属省份,13081,广西壮族自治区
11655,梧州站,所属省份,13081,广西壮族自治区
11654,梧州南站,所属省份,13081,广西壮族自治区
10394,兴安北站,所属省份,13081,广西壮族自治区
10386,兴业站,所属省份,13081,广西壮族自治区
12813,阳朔站,所属省份,13081,广西壮族自治区
10968,宜州站,所属省份,13081,广西壮族自治区
11748,永福南站,所属省份,13081,广西壮族自治区
12045,玉林站,所属省份,13081,广西壮族自治区
12715,钟山西站,所属省份,13081,广西壮族自治区
10946,安顺站,所属省份,13094,贵州省
10947,安顺西站,所属省份,13094,贵州省
11592,柏果站,所属省份,13094,贵州省
12138,白鸡坡站,所属省份,13094,贵州省
12139,百宜站,所属省份,13094,贵州省
10980,宝老山站,所属省份,13094,贵州省
12191,碧江站,所属省份,13094,贵州省
11710,毕节站,所属省份,13094,贵州省
12399,草海站,所属省份,13094,贵州省
10407,册亨站,所属省份,13094,贵州省
11067,岔江站,所属省份,13094,贵州省
12391,茨冲站,所属省份,13094,贵州省
10280,从江站,所属省份,13094,贵州省
10782,大方站,所属省份,13094,贵州省
10781,大方南站,所属省份,13094,贵州省
10794,大河坝站,所属省份,13094,贵州省
10799,大田边站,所属省份,13094,贵州省
11335,打羊站,所属省份,13094,贵州省
12674,都格站,所属省份,13094,贵州省
12036,独山站,所属省份,13094,贵州省
12672,都匀站,所属省份,13094,贵州省
12671,都匀东站,所属省份,13094,贵州省
10583,发耳站,所属省份,13094,贵州省
11086,峰洞站,所属省份,13094,贵州省
12219,福泉站,所属省份,13094,贵州省
12959,高峰站,所属省份,13094,贵州省
12908,革居站,所属省份,13094,贵州省
10384,关岭站,所属省份,13094,贵州省
10383,关寨站,所属省份,13094,贵州省
12544,贵定站,所属省份,13094,贵州省
12542,贵定北站,所属省份,13094,贵州省
12543,贵定县站,所属省份,13094,贵州省
12549,贵阳站,所属省份,13094,贵州省
12548,贵阳北站,所属省份,13094,贵州省
12547,贵阳东站,所属省份,13094,贵州省
12267,红果站,所属省份,13094,贵州省
12271,红花园站,所属省份,13094,贵州省
10453,化处站,所属省份,13094,贵州省
12359,花家庄站,所属省份,13094,贵州省
13013,黄平站,所属省份,13094,贵州省
12358,花土坡站,所属省份,13094,贵州省
11751,汇塘河站,所属省份,13094,贵州省
10443,加劳站,所属省份,13094,贵州省
12093,甲猫站,所属省份,13094,贵州省
12453,蕉溪站,所属省份,13094,贵州省
12711,金钟站,所属省份,13094,贵州省
10216,九龙塘站,所属省份,13094,贵州省
10429,凯里站,所属省份,13094,贵州省
10428,凯里南站,所属省份,13094,贵州省
11229,开阳站,所属省份,13094,贵州省
11962,滥坝站,所属省份,13094,贵州省
10416,凉水井站,所属省份,13094,贵州省
10362,六个鸡站,所属省份,13094,贵州省
10367,六盘水站,所属省份,13094,贵州省
10365,六枝站,所属省份,13094,贵州省
11527,李子沟站,所属省份,13094,贵州省
13064,龙洞堡站,所属省份,13094,贵州省
13067,龙里北站,所属省份,13094,贵州省
13055,龙山镇站,所属省份,13094,贵州省
10886,娄山关站,所属省份,13094,贵州省
10885,娄山关南站,所属省份,13094,贵州省
12978,鲁番站,所属省份,13094,贵州省
11848,洛湾三江站,所属省份,13094,贵州省
12390,茅草坪站,所属省份,13094,贵州省
13001,麻尾站,所属省份,13094,贵州省
11653,梅花山站,所属省份,13094,贵州省
12437,蒙渡站,所属省份,13094,贵州省
11518,木竹河站,所属省份,13094,贵州省
12274,纳雍站,所属省份,13094,贵州省
12152,盘关站,所属省份,13094,贵州省
12154,盘州站,所属省份,13094,贵州省
11136,平坝南站,所属省份,13094,贵州省
11128,平关站,所属省份,13094,贵州省
11155,平田站,所属省份,13094,贵州省
11478,普安站,所属省份,13094,贵州省
11477,普安县站,所属省份,13094,贵州省
11479,普定站,所属省份,13094,贵州省
13042,黔西站,所属省份,13094,贵州省
12895,青溪站,所属省份,13094,贵州省
11923,清镇西站,所属省份,13094,贵州省
11671,榕江站,所属省份,13094,贵州省
10045,三都县站,所属省份,13094,贵州省
10027,三家寨站,所属省份,13094,贵州省
10042,三穗站,所属省份,13094,贵州省
10021,三元坝站,所属省份,13094,贵州省
10065,上西铺站,所属省份,13094,贵州省
11807,沙沱站,所属省份,13094,贵州省
11430,施秉站,所属省份,13094,贵州省
11727,水花站,所属省份,13094,贵州省
11556,松坝站,所属省份,13094,贵州省
11568,松河站,所属省份,13094,贵州省
11563,松桃站,所属省份,13094,贵州省
12291,绥阳站,所属省份,13094,贵州省
10855,太白站,所属省份,13094,贵州省
11631,桐木寨站,所属省份,13094,贵州省
12728,铜仁站,所属省份,13094,贵州省
12727,铜仁南站,所属省份,13094,贵州省
11635,桐梓站,所属省份,13094,贵州省
11634,桐梓北站,所属省份,13094,贵州省
11633,桐梓东站,所属省份,13094,贵州省
12613,迤那站,所属省份,13094,贵州省
12080,瓦窑田站,所属省份,13094,贵州省
10883,威箐站,所属省份,13094,贵州省
10884,威舍站,所属省份,13094,贵州省
11045,小雨谷站,所属省份,13094,贵州省
11311,息烽站,所属省份,13094,贵州省
11390,新场站,所属省份,13094,贵州省
11463,星朗站,所属省份,13094,贵州省
10387,兴义站,所属省份,13094,贵州省
11399,新平坝站,所属省份,13094,贵州省
11391,新坪田站,所属省份,13094,贵州省
10326,修文县站,所属省份,13094,贵州省
10910,学庄站,所属省份,13094,贵州省
12307,羊坪站,所属省份,13094,贵州省
12426,营街站,所属省份,13094,贵州省
10335,元田坝站,所属省份,13094,贵州省
11502,月亮田站,所属省份,13094,贵州省
12870,雨格站,所属省份,13094,贵州省
12042,玉屏站,所属省份,13094,贵州省
12050,玉舍站,所属省份,13094,贵州省
12752,镇远站,所属省份,13094,贵州省
12277,织金站,所属省份,13094,贵州省
11526,朱砂古镇站,所属省份,13094,贵州省
11525,朱石寨站,所属省份,13094,贵州省
12636,遵义站,所属省份,13094,贵州省
12635,遵义南站,所属省份,13094,贵州省
12637,遵义西站,所属省份,13094,贵州省
12136,白马井站,所属省份,13088,海南省
10549,博鳌站,所属省份,13088,海南省
10095,东方站,所属省份,13088,海南省
10421,凤凰机场站,所属省份,13088,海南省
12216,福山镇站,所属省份,13088,海南省
11872,海口站,所属省份,13088,海南省
11871,海口东站,所属省份,13088,海南省
13021,黄流站,所属省份,13088,海南省
11047,尖峰站,所属省份,13088,海南省
12706,金月湾站,所属省份,13088,海南省
12317,老城镇站,所属省份,13088,海南省
10200,乐东站,所属省份,13088,海南省
10166,临高南站,所属省份,13088,海南省
12850,陵水站,所属省份,13088,海南省
12312,美兰站,所属省份,13088,海南省
12066,琼海站,所属省份,13088,海南省
11657,棋子湾站,所属省份,13088,海南省
10020,三亚站,所属省份,13088,海南省
12207,神州站,所属省份,13088,海南省
10013,万宁站,所属省份,13088,海南省
11371,文昌站,所属省份,13088,海南省
10270,亚龙湾站,所属省份,13088,海南省
11093,崖州站,所属省份,13088,海南省
12735,银滩站,所属省份,13088,海南省
12348,艾河站,所属省份,13085,河北省
10941,安阳东站,所属省份,13085,河北省
12119,白沟站,所属省份,13085,河北省
12125,白涧站,所属省份,13085,河北省
12141,百里峡站,所属省份,13085,河北省
12111,白旗站,所属省份,13085,河北省
12123,白洋淀站,所属省份,13085,河北省
11571,板城站,所属省份,13085,河北省
10318,保定站,所属省份,13085,河北省
10317,保定东站,所属省份,13085,河北省
12881,霸州站,所属省份,13085,河北省
12882,霸州西站,所属省份,13085,河北省
10467,北戴河站,所属省份,13085,河北省
10476,北马圈子站,所属省份,13085,河北省
11829,泊头站,所属省份,13085,河北省
11815,沧州站,所属省份,13085,河北省
11816,沧州西站,所属省份,13085,河北省
11497,曹妃甸东站,所属省份,13085,河北省
11498,曹妃甸港站,所属省份,13085,河北省
11610,柴沟堡站,所属省份,13085,河北省
11457,昌黎站,所属省份,13085,河北省
12576,超梁沟站,所属省份,13085,河北省
11512,朝阳地站,所属省份,13085,河北省
11345,承德站,所属省份,13085,河北省
11342,承德东站,所属省份,13085,河北省
11343,承德南站,所属省份,13085,河北省
11344,承德县北站,所属省份,13085,河北省
12194,磁山站,所属省份,13085,河北省
10800,大盘石站,所属省份,13085,河北省
10812,大营镇站,所属省份,13085,河北省
10786,大杖子站,所属省份,13085,河北省
10957,定州站,所属省份,13085,河北省
10956,定州东站,所属省份,13085,河北省
10089,东大坝站,所属省份,13085,河北省
10094,东戴河站,所属省份,13085,河北省
10082,东光站,所属省份,13085,河北省
10109,东花园北站,所属省份,13085,河北省
11855,洞庙河站,所属省份,13085,河北省
12538,豆庄站,所属省份,13085,河北省
10226,二道沟门站,所属省份,13085,河北省
11346,抚宁站,所属省份,13085,河北省
12215,福山口站,所属省份,13085,河北省
11868,浮图峪站,所属省份,13085,河北省
12968,高碑店站,所属省份,13085,河北省
12967,高碑店东站,所属省份,13085,河北省
12456,藁城站,所属省份,13085,河北省
12455,藁城南站,所属省份,13085,河北省
12970,高邑站,所属省份,13085,河北省
12971,高邑西站,所属省份,13085,河北省
11175,广德号站,所属省份,13085,河北省
10953,官厅西站,所属省份,13085,河北省
10587,古北口站,所属省份,13085,河北省
12646,邯郸站,所属省份,13085,河北省
12645,邯郸东站,所属省份,13085,河北省
12914,韩麻营站,所属省份,13085,河北省
11821,河洛营站,所属省份,13085,河北省
12474,衡水站,所属省份,13085,河北省
12473,衡水北站,所属省份,13085,河北省
12041,猴山站,所属省份,13085,河北省
11301,怀安站,所属省份,13085,河北省
11302,怀来站,所属省份,13085,河北省
13009,黄家店站,所属省份,13085,河北省
12458,虎什哈站,所属省份,13085,河北省
12092,甲山站,所属省份,13085,河北省
12273,纪家沟站,所属省份,13085,河北省
10263,井店站,所属省份,13085,河北省
10262,井南站,所属省份,13085,河北省
12709,金沟屯站,所属省份,13085,河北省
10264,井陉站,所属省份,13085,河北省
11484,景州站,所属省份,13085,河北省
11471,晋州站,所属省份,13085,河北省
11198,康城站,所属省份,13085,河北省
11886,涞源站,所属省份,13085,河北省
11202,廊坊站,所属省份,13085,河北省
11201,廊坊北站,所属省份,13085,河北省
11649,梁底下站,所属省份,13085,河北省
10146,临城站,所属省份,13085,河北省
10368,六道河子站,所属省份,13085,河北省
12854,隆化站,所属省份,13085,河北省
11966,滦河站,所属省份,13085,河北省
11965,滦河沿站,所属省份,13085,河北省
11964,滦平站,所属省份,13085,河北省
11963,滦县站,所属省份,13085,河北省
10551,卢龙站,所属省份,13085,河北省
11194,庙宫站,所属省份,13085,河北省
10505,南城司站,所属省份,13085,河北省
10508,南大庙站,所属省份,13085,河北省
10514,南峧站,所属省份,13085,河北省
10507,南堡北站,所属省份,13085,河北省
10531,南湾子站,所属省份,13085,河北省
10515,南峪站,所属省份,13085,河北省
10518,南张村站,所属省份,13085,河北省
12789,闹海营站,所属省份,13085,河北省
11274,徘徊北站,所属省份,13085,河北省
11984,潘家店站,所属省份,13085,河北省
10332,偏店站,所属省份,13085,河北省
11152,平泉站,所属省份,13085,河北省
11151,平泉北站,所属省份,13085,河北省
12598,迁安站,所属省份,13085,河北省
10439,前苇塘站,所属省份,13085,河北省
10862,奇峰塔站,所属省份,13085,河北省
11918,清河城站,所属省份,13085,河北省
12883,青县站,所属省份,13085,河北省
12234,秦皇岛站,所属省份,13085,河北省
12931,饶阳站,所属省份,13085,河北省
10288,任丘站,所属省份,13085,河北省
10040,三河县站,所属省份,13085,河北省
11804,沙城站,所属省份,13085,河北省
11808,沙河市站,所属省份,13085,河北省
10055,上安站,所属省份,13085,河北省
10058,上板城站,所属省份,13085,河北省
10057,上板城南站,所属省份,13085,河北省
10066,上谷站,所属省份,13085,河北省
11062,山海关站,所属省份,13085,河北省
11802,沙坨子站,所属省份,13085,河北省
12336,胜芳站,所属省份,13085,河北省
11912,深州站,所属省份,13085,河北省
11885,涉县站,所属省份,13085,河北省
12169,石家庄站,所属省份,13085,河北省
12168,石家庄北站,所属省份,13085,河北省
12167,石家庄东站,所属省份,13085,河北省
10276,什里店站,所属省份,13085,河北省
10707,四合永站,所属省份,13085,河北省
12330,肃宁站,所属省份,13085,河北省
10682,唐海南站,所属省份,13085,河北省
10680,唐山站,所属省份,13085,河北省
10679,唐山北站,所属省份,13085,河北省
11779,汤头沟站,所属省份,13085,河北省
10744,塔崖驿站,所属省份,13085,河北省
12054,王安镇站,所属省份,13085,河北省
11698,武安站,所属省份,13085,河北省
10258,五道河站,所属省份,13085,河北省
10486,午汲站,所属省份,13085,河北省
10641,吴桥站,所属省份,13085,河北省
10072,下板城站,所属省份,13085,河北省
10075,下花园站,所属省份,13085,河北省
10074,下花园北站,所属省份,13085,河北省
11031,小寺沟站,所属省份,13085,河北省
11043,小西庄站,所属省份,13085,河北省
10070,下台子站,所属省份,13085,河北省
12496,西大庙站,所属省份,13085,河北省
10400,兴隆县站,所属省份,13085,河北省
12643,邢台站,所属省份,13085,河北省
12642,邢台东站,所属省份,13085,河北省
11389,新固镇站,所属省份,13085,河北省
12584,辛集站,所属省份,13085,河北省
12583,辛集南站,所属省份,13085,河北省
11405,新杖子站,所属省份,13085,河北省
10985,宣化站,所属省份,13085,河北省
10984,宣化北站,所属省份,13085,河北省
11312,悬钟站,所属省份,13085,河北省
11270,徐水站,所属省份,13085,河北省
12815,阳泉北站,所属省份,13085,河北省
12821,阳邑站,所属省份,13085,河北省
12023,燕郊站,所属省份,13085,河北省
12239,窑上站,所属省份,13085,河北省
12339,腰栈站,所属省份,13085,河北省
12695,野三坡站,所属省份,13085,河北省
12994,鹰手营子站,所属省份,13085,河北省
12737,银镇站,所属省份,13085,河北省
10334,元氏站,所属省份,13085,河北省
11667,榆树沟站,所属省份,13085,河北省
12048,玉田县站,所属省份,13085,河北省
11587,枣强站,所属省份,13085,河北省
11244,张百湾站,所属省份,13085,河北省
11237,张家口站,所属省份,13085,河北省
11236,张家口南站,所属省份,13085,河北省
11233,张三营站,所属省份,13085,河北省
11686,正定站,所属省份,13085,河北省
11685,正定机场站,所属省份,13085,河北省
11894,涿州站,所属省份,13085,河北省
11893,涿州东站,所属省份,13085,河北省
12251,紫荆关站,所属省份,13085,河北省
12830,阿城站,所属省份,13100,黑龙江省
12829,阿城北站,所属省份,13100,黑龙江省
12836,阿木尔站,所属省份,13100,黑龙江省
10940,安达站,所属省份,13100,黑龙江省
11445,昂昂溪站,所属省份,13100,黑龙江省
10930,安家站,所属省份,13100,黑龙江省
11364,敖头站,所属省份,13100,黑龙江省
10351,八方站,所属省份,13100,黑龙江省
10353,八虎力站,所属省份,13100,黑龙江省
12107,白奎堡站,所属省份,13100,黑龙江省
10357,八面通站,所属省份,13100,黑龙江省
10487,半截河站,所属省份,13100,黑龙江省
10977,宝林站,所属省份,13100,黑龙江省
10979,宝清站,所属省份,13100,黑龙江省
10978,宝泉岭站,所属省份,13100,黑龙江省
10463,北安站,所属省份,13100,黑龙江省
12334,背荫河站,所属省份,13100,黑龙江省
12244,笔架山站,所属省份,13100,黑龙江省
10995,宾西北站,所属省份,13100,黑龙江省
10994,宾州站,所属省份,13100,黑龙江省
12190,碧州站,所属省份,13100,黑龙江省
10448,勃利站,所属省份,13100,黑龙江省
11611,柴河站,所属省份,13100,黑龙江省
12759,长发屯站,所属省份,13100,黑龙江省
12775,长汀镇站,所属省份,13100,黑龙江省
11326,成高子站,所属省份,13100,黑龙江省
11474,晨明站,所属省份,13100,黑龙江省
12585,辰清站,所属省份,13100,黑龙江省
11660,楚山站,所属省份,13100,黑龙江省
12315,翠岗站,所属省份,13100,黑龙江省
11114,带岭站,所属省份,13100,黑龙江省
12597,达连河站,所属省份,13100,黑龙江省
10793,大民屯站,所属省份,13100,黑龙江省
10776,大庆站,所属省份,13100,黑龙江省
10775,大庆东站,所属省份,13100,黑龙江省
10777,大庆西站,所属省份,13100,黑龙江省
10757,大乌苏站,所属省份,13100,黑龙江省
10814,大西站,所属省份,13100,黑龙江省
11273,得莫利站,所属省份,13100,黑龙江省
11973,滴道站,所属省份,13100,黑龙江省
10117,东边井站,所属省份,13100,黑龙江省
10079,东二道河站,所属省份,13100,黑龙江省
10096,东方红站,所属省份,13100,黑龙江省
10102,东海站,所属省份,13100,黑龙江省
10080,东京城站,所属省份,13100,黑龙江省
11375,斗沟子站,所属省份,13100,黑龙江省
11019,对青山站,所属省份,13100,黑龙江省
10227,二道湾站,所属省份,13100,黑龙江省
10220,二井站,所属省份,13100,黑龙江省
10230,二龙站,所属省份,13100,黑龙江省
10229,二龙山屯站,所属省份,13100,黑龙江省
11428,方正站,所属省份,13100,黑龙江省
10135,丰乐镇站,所属省份,13100,黑龙江省
10413,冯屯站,所属省份,13100,黑龙江省
10309,佛岭站,所属省份,13100,黑龙江省
11008,富海站,所属省份,13100,黑龙江省
11012,富锦站,所属省份,13100,黑龙江省
11007,富拉尔基站,所属省份,13100,黑龙江省
12213,福利屯站,所属省份,13100,黑龙江省
11011,富裕站,所属省份,13100,黑龙江省
11349,抚远站,所属省份,13100,黑龙江省
12965,高楞站,所属省份,13100,黑龙江省
12953,高头站,所属省份,13100,黑龙江省
10339,光明站,所属省份,13100,黑龙江省
10590,古城站,所属省份,13100,黑龙江省
10588,古城东站,所属省份,13100,黑龙江省
10591,古城镇站,所属省份,13100,黑龙江省
10598,古莲站,所属省份,13100,黑龙江省
10668,哈尔滨站,所属省份,13100,黑龙江省
10667,哈尔滨北站,所属省份,13100,黑龙江省
10666,哈尔滨东站,所属省份,13100,黑龙江省
10669,哈尔滨西站,所属省份,13100,黑龙江省
11870,海北站,所属省份,13100,黑龙江省
11881,海林站,所属省份,13100,黑龙江省
11880,海林北站,所属省份,13100,黑龙江省
11869,海伦站,所属省份,13100,黑龙江省
11015,寒葱沟站,所属省份,13100,黑龙江省
11867,浩良河站,所属省份,13100,黑龙江省
12987,鹤北站,所属省份,13100,黑龙江省
12991,鹤岗站,所属省份,13100,黑龙江省
13040,黑河站,所属省份,13100,黑龙江省
13035,黑台站,所属省份,13100,黑龙江省
12993,鹤立站,所属省份,13100,黑龙江省
11681,横道河子站,所属省份,13100,黑龙江省
11680,横道河子东站,所属省份,13100,黑龙江省
11306,恒地营站,所属省份,13100,黑龙江省
12990,鹤山站,所属省份,13100,黑龙江省
11856,洪河站,所属省份,13100,黑龙江省
10951,宏克力站,所属省份,13100,黑龙江省
12265,红旗营站,所属省份,13100,黑龙江省
12261,红山站,所属省份,13100,黑龙江省
12266,红星站,所属省份,13100,黑龙江省
12258,红兴隆站,所属省份,13100,黑龙江省
11644,桦林站,所属省份,13100,黑龙江省
11643,桦南站,所属省份,13100,黑龙江省
11357,换新天站,所属省份,13100,黑龙江省
12459,虎尔虎拉站,所属省份,13100,黑龙江省
10645,呼兰站,所属省份,13100,黑龙江省
12461,虎林站,所属省份,13100,黑龙江省
12460,虎山站,所属省份,13100,黑龙江省
10241,互助站,所属省份,13100,黑龙江省
10311,佳木斯站,所属省份,13100,黑龙江省
10312,佳木斯西站,所属省份,13100,黑龙江省
10877,姜家站,所属省份,13100,黑龙江省
11769,江桥站,所属省份,13100,黑龙江省
11209,建三江站,所属省份,13100,黑龙江省
12982,鸡东站,所属省份,13100,黑龙江省
12096,界山站,所属省份,13100,黑龙江省
12703,金山屯站,所属省份,13100,黑龙江省
10211,九三站,所属省份,13100,黑龙江省
10215,九营站,所属省份,13100,黑龙江省
12983,鸡西站,所属省份,13100,黑龙江省
10617,吉新河站,所属省份,13100,黑龙江省
11088,峻德站,所属省份,13100,黑龙江省
10427,凯北站,所属省份,13100,黑龙江省
11199,康金井站,所属省份,13100,黑龙江省
10342,克东站,所属省份,13100,黑龙江省
10343,克山站,所属省份,13100,黑龙江省
10867,奎山站,所属省份,13100,黑龙江省
11351,拉古站,所属省份,13100,黑龙江省
11352,拉哈站,所属省份,13100,黑龙江省
11353,拉林站,所属省份,13100,黑龙江省
10371,兰岗站,所属省份,13100,黑龙江省
11506,朗乡站,所属省份,13100,黑龙江省
10377,兰棱站,所属省份,13100,黑龙江省
10372,兰岭站,所属省份,13100,黑龙江省
12322,老莱站,所属省份,13100,黑龙江省
12413,莲江口站,所属省份,13100,黑龙江省
12611,连珠山站,所属省份,13100,黑龙江省
11529,李家站,所属省份,13100,黑龙江省
12690,里木店站,所属省份,13100,黑龙江省
11577,林海站,所属省份,13100,黑龙江省
11575,林口站,所属省份,13100,黑龙江省
11578,林源站,所属省份,13100,黑龙江省
11656,梨树镇站,所属省份,13100,黑龙江省
10363,六合镇站,所属省份,13100,黑龙江省
11607,柳毛站,所属省份,13100,黑龙江省
11605,柳树站,所属省份,13100,黑龙江省
12240,立志站,所属省份,13100,黑龙江省
13060,龙江站,所属省份,13100,黑龙江省
13068,龙镇站,所属省份,13100,黑龙江省
12977,鲁河站,所属省份,13100,黑龙江省
12297,绿潭站,所属省份,13100,黑龙江省
12941,马莲河站,所属省份,13100,黑龙江省
11124,帽儿山站,所属省份,13100,黑龙江省
13002,麻山站,所属省份,13100,黑龙江省
12314,美溪站,所属省份,13100,黑龙江省
10906,孟家岗站,所属省份,13100,黑龙江省
11125,帽儿山西站,所属省份,13100,黑龙江省
11002,密山站,所属省份,13100,黑龙江省
11003,密山西站,所属省份,13100,黑龙江省
12198,磨刀石站,所属省份,13100,黑龙江省
11974,漠河站,所属省份,13100,黑龙江省
12032,牡丹江站,所属省份,13100,黑龙江省
12238,穆棱站,所属省份,13100,黑龙江省
10513,南岔站,所属省份,13100,黑龙江省
12525,讷河站,所属省份,13100,黑龙江省
10892,嫩江站,所属省份,13100,黑龙江省
12193,碾子山站,所属省份,13100,黑龙江省
12327,聂河站,所属省份,13100,黑龙江省
10914,宁安站,所属省份,13100,黑龙江省
12026,牛家站,所属省份,13100,黑龙江省
12153,盘古站,所属省份,13100,黑龙江省
12479,裴德站,所属省份,13100,黑龙江省
11146,平房站,所属省份,13100,黑龙江省
11140,平山站,所属省份,13100,黑龙江省
11153,平洋站,所属省份,13100,黑龙江省
10441,前锋站,所属省份,13100,黑龙江省
10440,前进镇站,所属省份,13100,黑龙江省
11183,庆安站,所属省份,13100,黑龙江省
12901,青龙站,所属省份,13100,黑龙江省
12886,青山站,所属省份,13100,黑龙江省
12893,青水山站,所属省份,13100,黑龙江省
12232,秦家站,所属省份,13100,黑龙江省
13048,齐齐哈尔站,所属省份,13100,黑龙江省
13047,齐齐哈尔南站,所属省份,13100,黑龙江省
10005,七台河站,所属省份,13100,黑龙江省
10050,三间房站,所属省份,13100,黑龙江省
10026,三家子站,所属省份,13100,黑龙江省
11048,尚家站,所属省份,13100,黑龙江省
11050,尚志站,所属省份,13100,黑龙江省
11049,尚志南站,所属省份,13100,黑龙江省
11061,山河屯站,所属省份,13100,黑龙江省
11060,山市站,所属省份,13100,黑龙江省
11800,沙园站,所属省份,13100,黑龙江省
10485,升昌站,所属省份,13100,黑龙江省
10732,圣浪站,所属省份,13100,黑龙江省
12335,胜利镇站,所属省份,13100,黑龙江省
11796,沈家站,所属省份,13100,黑龙江省
12094,申家店站,所属省份,13100,黑龙江省
12209,神树站,所属省份,13100,黑龙江省
12179,石磷站,所属省份,13100,黑龙江省
12160,石人城站,所属省份,13100,黑龙江省
12166,石头站,所属省份,13100,黑龙江省
10567,双城堡站,所属省份,13100,黑龙江省
10566,双城北站,所属省份,13100,黑龙江省
10563,双丰站,所属省份,13100,黑龙江省
10570,双柳站,所属省份,13100,黑龙江省
10582,双龙湖站,所属省份,13100,黑龙江省
10581,双鸭山站,所属省份,13100,黑龙江省
10568,双子河站,所属省份,13100,黑龙江省
10712,四方台站,所属省份,13100,黑龙江省
10715,四马架站,所属省份,13100,黑龙江省
10949,宋站,所属省份,13100,黑龙江省
11570,松青站,所属省份,13100,黑龙江省
12290,绥芬河站,所属省份,13100,黑龙江省
12287,绥化站,所属省份,13100,黑龙江省
12289,绥棱站,所属省份,13100,黑龙江省
10899,孙家站,所属省份,13100,黑龙江省
10898,孙吴站,所属省份,13100,黑龙江省
10742,塔尔根站,所属省份,13100,黑龙江省
10740,塔哈站,所属省份,13100,黑龙江省
10745,塔河站,所属省份,13100,黑龙江省
11842,泰来站,所属省份,13100,黑龙江省
10853,太平镇站,所属省份,13100,黑龙江省
12379,苔青站,所属省份,13100,黑龙江省
10860,太阳沟站,所属省份,13100,黑龙江省
10858,太阳升站,所属省份,13100,黑龙江省
11782,汤池站,所属省份,13100,黑龙江省
11781,汤旺河站,所属省份,13100,黑龙江省
11778,汤原站,所属省份,13100,黑龙江省
11623,桃山站,所属省份,13100,黑龙江省
10746,塔源站,所属省份,13100,黑龙江省
12721,铁力站,所属省份,13100,黑龙江省
12616,通北站,所属省份,13100,黑龙江省
10623,同江站,所属省份,13100,黑龙江省
12617,通天屯站,所属省份,13100,黑龙江省
10716,团结站,所属省份,13100,黑龙江省
10723,图强站,所属省份,13100,黑龙江省
12077,瓦拉干站,所属省份,13100,黑龙江省
11249,弯道站,所属省份,13100,黑龙江省
10012,万发屯站,所属省份,13100,黑龙江省
12056,王岗站,所属省份,13100,黑龙江省
11507,望江站,所属省份,13100,黑龙江省
10011,万乐站,所属省份,13100,黑龙江省
12366,苇河站,所属省份,13100,黑龙江省
12367,苇河西站,所属省份,13100,黑龙江省
10880,威岭站,所属省份,13100,黑龙江省
10552,卫星站,所属省份,13100,黑龙江省
11932,温春站,所属省份,13100,黑龙江省
10328,倭肯站,所属省份,13100,黑龙江省
10250,五常站,所属省份,13100,黑龙江省
10246,五大连池站,所属省份,13100,黑龙江省
10248,五家站,所属省份,13100,黑龙江省
10252,五林站,所属省份,13100,黑龙江省
10180,乌伊岭站,所属省份,13100,黑龙江省
10255,五营站,所属省份,13100,黑龙江省
10071,下城子站,所属省份,13100,黑龙江省
12933,香坊站,所属省份,13100,黑龙江省
12485,襄河站,所属省份,13100,黑龙江省
12932,香兰站,所属省份,13100,黑龙江省
10633,向阳站,所属省份,13100,黑龙江省
10632,向阳川站,所属省份,13100,黑龙江省
11033,小岭站,所属省份,13100,黑龙江省
11039,小榆树站,所属省份,13100,黑龙江省
12502,西岗子站,所属省份,13100,黑龙江省
12511,西林站,所属省份,13100,黑龙江省
12521,西麻山站,所属省份,13100,黑龙江省
11426,新高峰站,所属省份,13100,黑龙江省
10388,兴凯站,所属省份,13100,黑龙江省
10399,兴莲站,所属省份,13100,黑龙江省
10402,兴隆镇站,所属省份,13100,黑龙江省
11534,杏树站,所属省份,13100,黑龙江省
11385,新华站,所属省份,13100,黑龙江省
11384,新华屯站,所属省份,13100,黑龙江省
11407,新林站,所属省份,13100,黑龙江省
11424,新青站,所属省份,13100,黑龙江省
11406,新松浦站,所属省份,13100,黑龙江省
11425,新香坊北站,所属省份,13100,黑龙江省
11401,新彦站,所属省份,13100,黑龙江省
11387,新友谊站,所属省份,13100,黑龙江省
11418,新肇站,所属省份,13100,黑龙江省
12284,绣峰站,所属省份,13100,黑龙江省
11267,徐家站,所属省份,13100,黑龙江省
10267,亚布力站,所属省份,13100,黑龙江省
10266,亚布力南站,所属省份,13100,黑龙江省
10268,亚布力西站,所属省份,13100,黑龙江省
10269,亚河站,所属省份,13100,黑龙江省
12310,羊草站,所属省份,13100,黑龙江省
11542,杨岗站,所属省份,13100,黑龙江省
11543,杨木站,所属省份,13100,黑龙江省
12011,烟筒屯站,所属省份,13100,黑龙江省
10314,依安站,所属省份,13100,黑龙江省
10295,伊春站,所属省份,13100,黑龙江省
10292,伊拉哈站,所属省份,13100,黑龙江省
10313,依兰站,所属省份,13100,黑龙江省
10003,一面坡站,所属省份,13100,黑龙江省
10002,一面坡北站,所属省份,13100,黑龙江省
12600,迎春站,所属省份,13100,黑龙江省
12734,银浪站,所属省份,13100,黑龙江省
11734,永安乡站,所属省份,13100,黑龙江省
11749,永胜站,所属省份,13100,黑龙江省
10562,友好站,所属省份,13100,黑龙江省
12046,玉泉站,所属省份,13100,黑龙江省
11665,榆树屯站,所属省份,13100,黑龙江省
11332,扎音河站,所属省份,13100,黑龙江省
11245,张维屯站,所属省份,13100,黑龙江省
12331,肇东站,所属省份,13100,黑龙江省
12571,赵光站,所属省份,13100,黑龙江省
10126,中和站,所属省份,13100,黑龙江省
10644,周家站,所属省份,13100,黑龙江省
11521,朱家沟站,所属省份,13100,黑龙江省
10942,安阳站,所属省份,13086,河南省
10973,宝丰站,所属省份,13086,河南省
12784,长葛站,所属省份,13086,河南省
12783,长葛北站,所属省份,13086,河南省
12761,长垣站,所属省份,13086,河南省
12640,邓州站,所属省份,13086,河南省
12639,邓州东站,所属省份,13086,河南省
11427,方城站,所属省份,13086,河南省
11340,扶沟南站,所属省份,13086,河南省
11102,巩义站,所属省份,13086,河南省
11101,巩义南站,所属省份,13086,河南省
10337,光山站,所属省份,13086,河南省
10385,关林站,所属省份,13086,河南省
10719,固始站,所属省份,13086,河南省
12989,鹤壁站,所属省份,13086,河南省
12988,鹤壁东站,所属省份,13086,河南省
10625,后寨站,所属省份,13086,河南省
11904,淮滨站,所属省份,13086,河南省
11905,淮阳南站,所属省份,13086,河南省
11987,潢川站,所属省份,13086,河南省
13018,黄河景区站,所属省份,13086,河南省
12415,获嘉站,所属省份,13086,河南省
12015,焦作站,所属省份,13086,河南省
12658,郏县站,所属省份,13086,河南省
11865,济源站,所属省份,13086,河南省
11226,开封站,所属省份,13086,河南省
11225,开封北站,所属省份,13086,河南省
10380,兰考站,所属省份,13086,河南省
10379,兰考南站,所属省份,13086,河南省
12002,灵宝站,所属省份,13086,河南省
12003,灵宝西站,所属省份,13086,河南省
10165,临颍站,所属省份,13086,河南省
11976,漯河站,所属省份,13086,河南省
11977,漯河西站,所属省份,13086,河南省
12302,罗山站,所属省份,13086,河南省
11852,洛阳站,所属省份,13086,河南省
11851,洛阳东站,所属省份,13086,河南省
11853,洛阳龙门站,所属省份,13086,河南省
12976,鲁山站,所属省份,13086,河南省
12296,绿博园站,所属省份,13086,河南省
11925,渑池站,所属省份,13086,河南省
11924,渑池南站,所属省份,13086,河南省
11461,明港东站,所属省份,13086,河南省
11717,民权站,所属省份,13086,河南省
11716,民权北站,所属省份,13086,河南省
10540,南阳站,所属省份,13086,河南省
10538,南阳东站,所属省份,13086,河南省
10539,南阳寨站,所属省份,13086,河南省
10504,南召站,所属省份,13086,河南省
10403,内乡站,所属省份,13086,河南省
10921,宁陵县站,所属省份,13086,河南省
11163,平顶山站,所属省份,13086,河南省
11164,平顶山西站,所属省份,13086,河南省
11995,濮阳站,所属省份,13086,河南省
12189,确山站,所属省份,13086,河南省
11761,汝州站,所属省份,13086,河南省
10048,三门峡站,所属省份,13086,河南省
10047,三门峡南站,所属省份,13086,河南省
10049,三门峡西站,所属省份,13086,河南省
10687,商城站,所属省份,13086,河南省
10685,商丘站,所属省份,13086,河南省
10683,商丘东站,所属省份,13086,河南省
10684,商丘南站,所属省份,13086,河南省
11794,沈丘站,所属省份,13086,河南省
11793,沈丘北站,所属省份,13086,河南省
10948,宋城路站,所属省份,13086,河南省
12629,遂平站,所属省份,13086,河南省
10601,台前站,所属省份,13086,河南省
10681,唐河站,所属省份,13086,河南省
11784,汤阴站,所属省份,13086,河南省
11632,桐柏站,所属省份,13086,河南省
10553,卫辉站,所属省份,13086,河南省
11707,武陟站,所属省份,13086,河南省
12918,项城站,所属省份,13086,河南省
10755,夏邑县站,所属省份,13086,河南省
12492,西华站,所属省份,13086,河南省
11393,新安县站,所属省份,13086,河南省
11386,新县站,所属省份,13086,河南省
11377,新乡站,所属省份,13086,河南省
11376,新乡东站,所属省份,13086,河南省
10325,信阳站,所属省份,13086,河南省
10324,信阳东站,所属省份,13086,河南省
11421,新郑机场站,所属省份,13086,河南省
12505,西平站,所属省份,13086,河南省
12506,西平西站,所属省份,13086,河南省
10327,修武西站,所属省份,13086,河南省
12504,西峡站,所属省份,13086,河南省
11310,息县站,所属省份,13086,河南省
12531,许昌站,所属省份,13086,河南省
12530,许昌北站,所属省份,13086,河南省
12529,许昌东站,所属省份,13086,河南省
12681,鄢陵站,所属省份,13086,河南省
10329,偃师站,所属省份,13086,河南省
10179,义马站,所属省份,13086,河南省
11733,永城北站,所属省份,13086,河南省
12463,虞城县站,所属省份,13086,河南省
11504,月山站,所属省份,13086,河南省
12227,禹州站,所属省份,13086,河南省
12660,郑州站,所属省份,13086,河南省
12659,郑州东站,所属省份,13086,河南省
12661,郑州西站,所属省份,13086,河南省
12746,镇平站,所属省份,13086,河南省
10643,周口站,所属省份,13086,河南省
10642,周口东站,所属省份,13086,河南省
12946,驻马店站,所属省份,13086,河南省
12947,驻马店西站,所属省份,13086,河南省
12935,香港西九龙站,所属省份,13099,香港特别行政区
10943,安陆站,所属省份,13089,湖北省
10944,安陆西站,所属省份,13089,湖北省
11103,巴东站,所属省份,13089,湖北省
12118,白沙铺站,所属省份,13089,湖北省
12566,赤壁站,所属省份,13089,湖北省
12565,赤壁北站,所属省份,13089,湖北省
11252,当阳站,所属省份,13089,湖北省
10169,丹江口站,所属省份,13089,湖北省
10761,大冶北站,所属省份,13089,湖北省
11308,恩施站,所属省份,13089,湖北省
12678,鄂州站,所属省份,13089,湖北省
12677,鄂州东站,所属省份,13089,湖北省
11590,枫林站,所属省份,13089,湖北省
12430,葛店南站,所属省份,13089,湖北省
11177,广水站,所属省份,13089,湖北省
12537,谷城站,所属省份,13089,湖北省
12536,谷城北站,所属省份,13089,湖北省
11756,汉川站,所属省份,13089,湖北省
11754,汉口站,所属省份,13089,湖北省
11679,横沟桥东站,所属省份,13089,湖北省
12554,贺胜桥东站,所属省份,13089,湖北省
12259,红安西站,所属省份,13089,湖北省
10626,后湖站,所属省份,13089,湖北省
12364,花湖站,所属省份,13089,湖北省
11672,槐荫站,所属省份,13089,湖北省
13006,黄冈站,所属省份,13089,湖北省
13005,黄冈东站,所属省份,13089,湖北省
13007,黄冈西站,所属省份,13089,湖北省
13017,黄梅站,所属省份,13089,湖北省
13024,黄石站,所属省份,13089,湖北省
13023,黄石北站,所属省份,13089,湖北省
13012,黄州站,所属省份,13089,湖北省
10488,华容东站,所属省份,13089,湖北省
10489,华容南站,所属省份,13089,湖北省
12360,花山南站,所属省份,13089,湖北省
12357,花园站,所属省份,13089,湖北省
11210,建始站,所属省份,13089,湖北省
12454,蕲春站,所属省份,13089,湖北省
12396,荆门站,所属省份,13089,湖北省
10272,京山站,所属省份,13089,湖北省
12395,荆州站,所属省份,13089,湖北省
12713,金银潭站,所属省份,13089,湖北省
10895,孔垄站,所属省份,13089,湖北省
11537,来凤站,所属省份,13089,湖北省
10434,利川站,所属省份,13089,湖北省
13000,麻城站,所属省份,13089,湖北省
12999,麻城北站,所属省份,13089,湖北省
11713,毛陈站,所属省份,13089,湖北省
11195,庙山站,所属省份,13089,湖北省
12788,闵集站,所属省份,13089,湖北省
10530,南湖东站,所属省份,13089,湖北省
11985,潜江站,所属省份,13089,湖北省
11058,山坡东站,所属省份,13089,湖北省
10479,十堰站,所属省份,13089,湖北省
10478,十堰东站,所属省份,13089,湖北省
11866,浠水站,所属省份,13089,湖北省
11569,松滋站,所属省份,13089,湖北省
12859,随县站,所属省份,13089,湖北省
12861,随州站,所属省份,13089,湖北省
12860,随州南站,所属省份,13089,湖北省
11783,汤逊湖站,所属省份,13089,湖北省
10835,天河机场站,所属省份,13089,湖北省
10836,天河街站,所属省份,13089,湖北省
10844,天门站,所属省份,13089,湖北省
10843,天门南站,所属省份,13089,湖北省
10726,土地堂东站,所属省份,13089,湖北省
11702,武昌站,所属省份,13089,湖北省
11700,武当山站,所属省份,13089,湖北省
11701,武当山西站,所属省份,13089,湖北省
11703,武汉站,所属省份,13089,湖北省
10199,乌龙泉南站,所属省份,13089,湖北省
11705,武穴站,所属省份,13089,湖北省
12487,襄阳站,所属省份,13089,湖北省
12486,襄阳东站,所属省份,13089,湖北省
12482,襄州站,所属省份,13089,湖北省
10658,咸宁站,所属省份,13089,湖北省
10656,咸宁北站,所属省份,13089,湖北省
10655,咸宁东站,所属省份,13089,湖北省
10657,咸宁南站,所属省份,13089,湖北省
10283,仙桃西站,所属省份,13089,湖北省
11040,小池口站,所属省份,13089,湖北省
10904,孝感站,所属省份,13089,湖北省
10903,孝感北站,所属省份,13089,湖北省
10902,孝感东站,所属省份,13089,湖北省
12808,阳新站,所属省份,13089,湖北省
10969,宜昌东站,所属省份,13089,湖北省
11192,应城站,所属省份,13089,湖北省
10238,云梦站,所属省份,13089,湖北省
10237,云梦东站,所属省份,13089,湖北省
11589,枣阳站,所属省份,13089,湖北省
12275,纸坊东站,所属省份,13089,湖北省
11582,枝江北站,所属省份,13089,湖北省
12716,钟祥站,所属省份,13089,湖北省
11099,左岭站,所属省份,13089,湖北省
10924,安化站,所属省份,13090,湖南省
10939,安江东站,所属省份,13090,湖南省
10923,安仁站,所属省份,13090,湖南省
12394,茶陵南站,所属省份,13090,湖南省
11122,常德站,所属省份,13090,湖南省
12777,长沙站,所属省份,13090,湖南省
12776,长沙南站,所属省份,13090,湖南省
12586,辰溪站,所属省份,13090,湖南省
12669,郴州站,所属省份,13090,湖南省
12670,郴州西站,所属省份,13090,湖南省
11320,慈利站,所属省份,13090,湖南省
12632,道州站,所属省份,13090,湖南省
10299,低庄站,所属省份,13090,湖南省
10090,东安东站,所属省份,13090,湖南省
11854,洞口站,所属省份,13090,湖南省
11755,汉寿站,所属省份,13090,湖南省
12471,衡山站,所属省份,13090,湖南省
12472,衡山西站,所属省份,13090,湖南省
12476,衡阳站,所属省份,13090,湖南省
12475,衡阳东站,所属省份,13090,湖南省
11300,怀化站,所属省份,13090,湖南省
11299,怀化南站,所属省份,13090,湖南省
10297,会同站,所属省份,13090,湖南省
11763,江华站,所属省份,13090,湖南省
11770,江永站,所属省份,13090,湖南省
12902,靖州站,所属省份,13090,湖南省
10621,吉首站,所属省份,13090,湖南省
12325,耒阳站,所属省份,13090,湖南省
12326,耒阳西站,所属省份,13090,湖南省
10414,冷水江东站,所属省份,13090,湖南省
11888,涟源站,所属省份,13090,湖南省
12689,醴陵站,所属省份,13090,湖南省
12688,醴陵东站,所属省份,13090,湖南省
12871,零陵站,所属省份,13090,湖南省
10163,临澧站,所属省份,13090,湖南省
10162,临湘站,所属省份,13090,湖南省
11993,澧县站,所属省份,13090,湖南省
12855,隆回站,所属省份,13090,湖南省
13054,龙山北站,所属省份,13090,湖南省
10888,娄底站,所属省份,13090,湖南省
10887,娄底南站,所属省份,13090,湖南省
12578,路口铺站,所属省份,13090,湖南省
13004,麻阳站,所属省份,13090,湖南省
12040,猛洞河站,所属省份,13090,湖南省
11786,汨罗站,所属省份,13090,湖南省
11785,汨罗东站,所属省份,13090,湖南省
12030,牛车河站,所属省份,13090,湖南省
12200,祁东站,所属省份,13090,湖南省
12205,祁阳站,所属省份,13090,湖南省
11637,桑植站,所属省份,13090,湖南省
12648,邵东站,所属省份,13090,湖南省
12917,韶山南站,所属省份,13090,湖南省
12652,邵阳站,所属省份,13090,湖南省
12651,邵阳北站,所属省份,13090,湖南省
12653,邵阳西站,所属省份,13090,湖南省
12181,石门县北站,所属省份,13090,湖南省
10569,双峰北站,所属省份,13090,湖南省
10577,双牌站,所属省份,13090,湖南省
10748,塘豹站,所属省份,13090,湖南省
11626,桃源站,所属省份,13090,湖南省
12627,通道站,所属省份,13090,湖南省
10654,咸丰站,所属省份,13090,湖南省
11945,湘潭站,所属省份,13090,湖南省
11944,湘潭北站,所属省份,13090,湖南省
11943,湘乡站,所属省份,13090,湖南省
12514,西渡站,所属省份,13090,湖南省
11383,新化站,所属省份,13090,湖南省
11382,新化南站,所属省份,13090,湖南省
11402,新晃站,所属省份,13090,湖南省
11403,新晃西站,所属省份,13090,湖南省
11950,溆浦南站,所属省份,13090,湖南省
11951,溆浦站,所属省份,13090,湖南省
11549,杨桥站,所属省份,13090,湖南省
12008,炎陵站,所属省份,13090,湖南省
12025,牙屯堡站,所属省份,13090,湖南省
12145,益阳站,所属省份,13090,湖南省
11740,永州站,所属省份,13090,湖南省
11362,攸县南站,所属省份,13090,湖南省
11080,岳阳站,所属省份,13090,湖南省
11079,岳阳东站,所属省份,13090,湖南省
11239,张家界站,所属省份,13090,湖南省
11240,张家界西站,所属省份,13090,湖南省
12365,芷江站,所属省份,13090,湖南省
11613,株洲站,所属省份,13090,湖南省
11614,株洲西站,所属省份,13090,湖南省
12833,阿巴嘎旗站,所属省份,13071,内蒙古自治区
12832,阿尔山站,所属省份,13071,内蒙古自治区
12831,阿尔山北站,所属省份,13071,内蒙古自治区
12837,阿贵图站,所属省份,13071,内蒙古自治区
12346,艾不盖站,所属省份,13071,内蒙古自治区
12838,阿里河站,所属省份,13071,内蒙古自治区
12840,阿龙山站,所属省份,13071,内蒙古自治区
11444,昂乃站,所属省份,13071,内蒙古自治区
10934,安庆沟站,所属省份,13071,内蒙古自治区
11366,敖汉站,所属省份,13071,内蒙古自治区
11365,敖来站,所属省份,13071,内蒙古自治区
11363,敖力布告站,所属省份,13071,内蒙古自治区
12824,阿乌尼站,所属省份,13071,内蒙古自治区
12112,白桦排站,所属省份,13071,内蒙古自治区
12126,白狼站,所属省份,13071,内蒙古自治区
12109,白彦花站,所属省份,13071,内蒙古自治区
12134,白音察干站,所属省份,13071,内蒙古自治区
12129,白银哈尔站,所属省份,13071,内蒙古自治区
12133,白音华南站,所属省份,13071,内蒙古自治区
12135,白音胡硕站,所属省份,13071,内蒙古自治区
12132,白音他拉站,所属省份,13071,内蒙古自治区
12103,白云北站,所属省份,13071,内蒙古自治区
12104,白云鄂博站,所属省份,13071,内蒙古自治区
10733,坝梁站,所属省份,13071,内蒙古自治区
11109,巴林站,所属省份,13071,内蒙古自治区
10976,宝拉格站,所属省份,13071,内蒙古自治区
10983,宝龙山站,所属省份,13071,内蒙古自治区
10451,包头站,所属省份,13071,内蒙古自治区
10450,包头北站,所属省份,13071,内蒙古自治区
10449,包头东站,所属省份,13071,内蒙古自治区
10452,包头西站,所属省份,13071,内蒙古自治区
11108,巴日图站,所属省份,13071,内蒙古自治区
10352,八苏木站,所属省份,13071,内蒙古自治区
10350,八仙筒站,所属省份,13071,内蒙古自治区
11107,巴彦高勒站,所属省份,13071,内蒙古自治区
11106,巴彦郭勒站,所属省份,13071,内蒙古自治区
12541,贲红站,所属省份,13071,内蒙古自治区
10547,博尔塔拉站,所属省份,13071,内蒙古自治区
10545,博克图站,所属省份,13071,内蒙古自治区
11500,曹家营子站,所属省份,13071,内蒙古自治区
11594,查布嘎站,所属省份,13071,内蒙古自治区
11596,查干特格站,所属省份,13071,内蒙古自治区
11513,朝阳村站,所属省份,13071,内蒙古自治区
11508,朝中站,所属省份,13071,内蒙古自治区
11017,察素齐站,所属省份,13071,内蒙古自治区
11321,成吉思汗站,所属省份,13071,内蒙古自治区
12569,赤峰站,所属省份,13071,内蒙古自治区
12567,赤峰东站,所属省份,13071,内蒙古自治区
12568,赤峰南站,所属省份,13071,内蒙古自治区
11662,楚鲁图站,所属省份,13071,内蒙古自治区
11464,春亭阁站,所属省份,13071,内蒙古自治区
12316,翠峰站,所属省份,13071,内蒙古自治区
11095,嵯岗站,所属省份,13071,内蒙古自治区
10789,大板站,所属省份,13071,内蒙古自治区
12595,达拉滨站,所属省份,13071,内蒙古自治区
12596,达拉特西站,所属省份,13071,内蒙古自治区
10790,大林站,所属省份,13071,内蒙古自治区
10823,大陆号站,所属省份,13071,内蒙古自治区
12631,道劳杜站,所属省份,13071,内蒙古自治区
10826,大青沟站,所属省份,13071,内蒙古自治区
10803,大石寨站,所属省份,13071,内蒙古自治区
10824,大雁站,所属省份,13071,内蒙古自治区
10780,大扬气站,所属省份,13071,内蒙古自治区
10788,大杨树站,所属省份,13071,内蒙古自治区
10787,大杨树东站,所属省份,13071,内蒙古自治区
11278,德伯斯站,所属省份,13071,内蒙古自治区
11272,得耳布尔站,所属省份,13071,内蒙古自治区
11276,德仁站,所属省份,13071,内蒙古自治区
11287,德日斯图站,所属省份,13071,内蒙古自治区
10099,东来站,所属省份,13071,内蒙古自治区
10098,东明村站,所属省份,13071,内蒙古自治区
10085,东南营子站,所属省份,13071,内蒙古自治区
10106,东胜东站,所属省份,13071,内蒙古自治区
10107,东胜西站,所属省份,13071,内蒙古自治区
10083,东兴站,所属省份,13071,内蒙古自治区
11535,杜尔伯特站,所属省份,13071,内蒙古自治区
11536,杜拉尔站,所属省份,13071,内蒙古自治区
12676,鄂尔多斯站,所属省份,13071,内蒙古自治区
12926,额济纳站,所属省份,13071,内蒙古自治区
10225,二道沙河站,所属省份,13071,内蒙古自治区
10223,二连站,所属省份,13071,内蒙古自治区
10228,二龙屯站,所属省份,13071,内蒙古自治区
12927,风水沟站,所属省份,13071,内蒙古自治区
10142,丰镇站,所属省份,13071,内蒙古自治区
12222,福生庄站,所属省份,13071,内蒙古自治区
12082,甘河站,所属省份,13071,内蒙古自治区
12081,甘旗卡站,所属省份,13071,内蒙古自治区
12955,高家村站,所属省份,13071,内蒙古自治区
12963,高林屯站,所属省份,13071,内蒙古自治区
12950,高台子站,所属省份,13071,内蒙古自治区
10704,嘎什甸子站,所属省份,13071,内蒙古自治区
10703,嘎什吐站,所属省份,13071,内蒙古自治区
12431,葛根庙站,所属省份,13071,内蒙古自治区
11616,根河站,所属省份,13071,内蒙古自治区
10361,公积坂站,所属省份,13071,内蒙古自治区
10360,公庙子站,所属省份,13071,内蒙古自治区
11812,沟口站,所属省份,13071,内蒙古自治区
11250,归流河站,所属省份,13071,内蒙古自治区
10872,姑家堡站,所属省份,13071,内蒙古自治区
12667,郭尔奔敖包站,所属省份,13071,内蒙古自治区
10908,孤山子站,所属省份,13071,内蒙古自治区
10594,古源站,所属省份,13071,内蒙古自治区
10674,哈达站,所属省份,13071,内蒙古自治区
10676,哈达阳站,所属省份,13071,内蒙古自治区
11878,海拉尔站,所属省份,13071,内蒙古自治区
10662,哈克站,所属省份,13071,内蒙古自治区
10672,哈拉苏站,所属省份,13071,内蒙古自治区
10663,哈力图站,所属省份,13071,内蒙古自治区
12300,罕达盖站,所属省份,13071,内蒙古自治区
11554,杭锦旗站,所属省份,13071,内蒙古自治区
10673,哈日努拉站,所属省份,13071,内蒙古自治区
10661,哈业胡同站,所属省份,13071,内蒙古自治区
12570,赫尔洪得站,所属省份,13071,内蒙古自治区
12272,红花沟站,所属省份,13071,内蒙古自治区
12269,红砂坝站,所属省份,13071,内蒙古自治区
12264,红彦站,所属省份,13071,内蒙古自治区
10455,化德站,所属省份,13071,内蒙古自治区
13029,黄花筒站,所属省份,13071,内蒙古自治区
10647,呼和浩特站,所属省份,13071,内蒙古自治区
10646,呼和浩特东站,所属省份,13071,内蒙古自治区
12582,辉河站,所属省份,13071,内蒙古自治区
11752,汇流河站,所属省份,13071,内蒙古自治区
10648,呼鲁斯太站,所属省份,13071,内蒙古自治区
12877,霍林郭勒站,所属省份,13071,内蒙古自治区
10445,加格达奇站,所属省份,13071,内蒙古自治区
10444,加南站,所属省份,13071,内蒙古自治区
12192,碱柜站,所属省份,13071,内蒙古自治区
12718,钱家店站,所属省份,13071,内蒙古自治区
12700,金宝屯站,所属省份,13071,内蒙古自治区
12281,经棚站,所属省份,13071,内蒙古自治区
12710,金河站,所属省份,13071,内蒙古自治区
12868,集宁南站,所属省份,13071,内蒙古自治区
12708,金林站,所属省份,13071,内蒙古自治区
10447,劲松站,所属省份,13071,内蒙古自治区
10616,吉文站,所属省份,13071,内蒙古自治区
11230,开鲁站,所属省份,13071,内蒙古自治区
10692,喀喇其站,所属省份,13071,内蒙古自治区
10341,克一河站,所属省份,13071,内蒙古自治区
11190,库都尔站,所属省份,13071,内蒙古自治区
11187,库伦站,所属省份,13071,内蒙古自治区
11451,昆都仑召站,所属省份,13071,内蒙古自治区
10694,喇嘛山站,所属省份,13071,内蒙古自治区
12319,老府站,所属省份,13071,内蒙古自治区
12321,老羊壕站,所属省份,13071,内蒙古自治区
12414,莲花山站,所属省份,13071,内蒙古自治区
11574,林东站,所属省份,13071,内蒙古自治区
11075,岭北站,所属省份,13071,内蒙古自治区
11076,岭南站,所属省份,13071,内蒙古自治区
10155,临河站,所属省份,13071,内蒙古自治区
11580,林西站,所属省份,13071,内蒙古自治区
11606,柳毛沟站,所属省份,13071,内蒙古自治区
12352,芦家村站,所属省份,13071,内蒙古自治区
12940,马盖图站,所属省份,13071,内蒙古自治区
12938,马林站,所属省份,13071,内蒙古自治区
11293,忙罕屯站,所属省份,13071,内蒙古自治区
11960,满归站,所属省份,13071,内蒙古自治区
11961,满洲里站,所属省份,13071,内蒙古自治区
12313,美岱召站,所属省份,13071,内蒙古自治区
12016,煤田站,所属省份,13071,内蒙古自治区
12787,门达站,所属省份,13071,内蒙古自治区
10345,免渡河站,所属省份,13071,内蒙古自治区
11459,明安站,所属省份,13071,内蒙古自治区
11460,明水河站,所属省份,13071,内蒙古自治区
11715,民族站,所属省份,13071,内蒙古自治区
12409,莫尔道嘎站,所属省份,13071,内蒙古自治区
11517,木头营子站,所属省份,13071,内蒙古自治区
12033,牧原站,所属省份,13071,内蒙古自治区
10175,乃林站,所属省份,13071,内蒙古自治区
10863,奈曼站,所属省份,13071,内蒙古自治区
10522,南木站,所属省份,13071,内蒙古自治区
12524,讷尔克气站,所属省份,13071,内蒙古自治区
12027,牛家营子站,所属省份,13071,内蒙古自治区
11682,欧里站,所属省份,13071,内蒙古自治区
11144,平庄站,所属省份,13071,内蒙古自治区
11142,平庄北站,所属省份,13071,内蒙古自治区
11143,平庄南站,所属省份,13071,内蒙古自治区
13045,齐哈日格图站,所属省份,13071,内蒙古自治区
10008,七苏木站,所属省份,13071,内蒙古自治区
11433,旗下营站,所属省份,13071,内蒙古自治区
11432,旗下营南站,所属省份,13071,内蒙古自治区
12013,热水站,所属省份,13071,内蒙古自治区
12560,赛汗塔拉站,所属省份,13071,内蒙古自治区
12559,赛乌苏站,所属省份,13071,内蒙古自治区
12429,萨拉齐站,所属省份,13071,内蒙古自治区
10029,三把火站,所属省份,13071,内蒙古自治区
10044,三道营站,所属省份,13071,内蒙古自治区
11636,桑根达来站,所属省份,13071,内蒙古自治区
10019,三义井站,所属省份,13071,内蒙古自治区
10690,商都站,所属省份,13071,内蒙古自治区
11063,山湾子站,所属省份,13071,内蒙古自治区
12341,舍伯吐站,所属省份,13071,内蒙古自治区
12342,舍力虎站,所属省份,13071,内蒙古自治区
10477,十八台站,所属省份,13071,内蒙古自治区
12184,石门村站,所属省份,13071,内蒙古自治区
12183,石门子站,所属省份,13071,内蒙古自治区
11720,水地站,所属省份,13071,内蒙古自治区
10714,四道湾站,所属省份,13071,内蒙古自治区
10706,四分滩站,所属省份,13071,内蒙古自治区
10708,四合站,所属省份,13071,内蒙古自治区
11560,松树林站,所属省份,13071,内蒙古自治区
12378,苏集站,所属省份,13071,内蒙古自治区
12373,苏尼特左旗站,所属省份,13071,内蒙古自治区
12250,索伦站,所属省份,13071,内蒙古自治区
10743,塔尔气站,所属省份,13071,内蒙古自治区
10852,太平庄站,所属省份,13071,内蒙古自治区
12852,陶思浩站,所属省份,13071,内蒙古自治区
10827,天义站,所属省份,13071,内蒙古自治区
12624,通辽站,所属省份,13071,内蒙古自治区
10861,头道桥站,所属省份,13071,内蒙古自治区
10730,土贵乌拉站,所属省份,13071,内蒙古自治区
10724,图里河站,所属省份,13071,内蒙古自治区
10627,吐列毛杜站,所属省份,13071,内蒙古自治区
10729,土牧尔台站,所属省份,13071,内蒙古自治区
11336,托克托东站,所属省份,13071,内蒙古自治区
12076,瓦房站,所属省份,13071,内蒙古自治区
10950,完工站,所属省份,13071,内蒙古自治区
12079,瓦窑坝站,所属省份,13071,内蒙古自治区
11933,温根托海站,所属省份,13071,内蒙古自治区
10244,五叉沟站,所属省份,13071,内蒙古自治区
10189,乌尔旗汗站,所属省份,13071,内蒙古自治区
10187,乌固诺尔站,所属省份,13071,内蒙古自治区
10193,乌海站,所属省份,13071,内蒙古自治区
10192,乌海北站,所属省份,13071,内蒙古自治区
10194,乌海西站,所属省份,13071,内蒙古自治区
10182,乌兰察布站,所属省份,13071,内蒙古自治区
10181,乌兰哈达站,所属省份,13071,内蒙古自治区
10183,乌兰浩特站,所属省份,13071,内蒙古自治区
10186,乌兰花站,所属省份,13071,内蒙古自治区
10185,乌兰胡同站,所属省份,13071,内蒙古自治区
10190,乌拉山站,所属省份,13071,内蒙古自治区
10191,乌拉特前旗站,所属省份,13071,内蒙古自治区
10196,乌鲁布铁站,所属省份,13071,内蒙古自治区
10188,乌奴耳站,所属省份,13071,内蒙古自治区
10242,五十家子站,所属省份,13071,内蒙古自治区
10243,五原站,所属省份,13071,内蒙古自治区
10753,夏拉哈马站,所属省份,13071,内蒙古自治区
11041,小河沿站,所属省份,13071,内蒙古自治区
11036,小扬气站,所属省份,13071,内蒙古自治区
12507,西斗铺站,所属省份,13071,内蒙古自治区
12518,西里站,所属省份,13071,内蒙古自治区
12503,西岭口站,所属省份,13071,内蒙古自治区
12739,锡林浩特站,所属省份,13071,内蒙古自治区
12738,锡林呼都嘎站,所属省份,13071,内蒙古自治区
12491,西六方站,所属省份,13071,内蒙古自治区
11394,新安庄站,所属省份,13071,内蒙古自治区
11417,新绰源站,所属省份,13071,内蒙古自治区
10395,兴安岭站,所属省份,13071,内蒙古自治区
10389,兴和北站,所属省份,13071,内蒙古自治区
11392,新天站,所属省份,13071,内蒙古自治区
11414,新窝铺站,所属省份,13071,内蒙古自治区
11419,新贤城站,所属省份,13071,内蒙古自治区
12489,西乌旗站,所属省份,13071,内蒙古自治区
12501,西小召站,所属省份,13071,内蒙古自治区
12493,西哲里木站,所属省份,13071,内蒙古自治区
11758,汐子站,所属省份,13071,内蒙古自治区
12024,牙克石站,所属省份,13071,内蒙古自治区
12867,雅鲁站,所属省份,13071,内蒙古自治区
11541,杨家营站,所属省份,13071,内蒙古自治区
11073,岩山站,所属省份,13071,内蒙古自治区
10293,伊敏站,所属省份,13071,内蒙古自治区
10294,伊敏索木站,所属省份,13071,内蒙古自治区
12425,营盘湾站,所属省份,13071,内蒙古自治区
10290,伊图里河站,所属省份,13071,内蒙古自治区
10333,元宝山站,所属省份,13071,内蒙古自治区
10558,原林站,所属省份,13071,内蒙古自治区
10305,余粮堡站,所属省份,13071,内蒙古自治区
11330,扎赉诺尔站,所属省份,13071,内蒙古自治区
11331,扎赉诺尔西站,所属省份,13071,内蒙古自治区
11329,扎罗木得站,所属省份,13071,内蒙古自治区
11333,扎鲁特站,所属省份,13071,内蒙古自治区
11328,扎兰屯站,所属省份,13071,内蒙古自治区
11687,正镶白旗站,所属省份,13071,内蒙古自治区
11826,治安站,所属省份,13071,内蒙古自治区
11294,忠工屯站,所属省份,13071,内蒙古自治区
10125,中台子站,所属省份,13071,内蒙古自治区
10415,准格尔站,所属省份,13071,内蒙古自治区
10493,卓资东站,所属省份,13071,内蒙古自治区
10494,卓资山站,所属省份,13071,内蒙古自治区
11523,朱日和站,所属省份,13071,内蒙古自治区
12060,珠斯花站,所属省份,13071,内蒙古自治区
10974,宝华山站,所属省份,13083,江苏省
11612,栟茶站,所属省份,13083,江苏省
11969,滨海港站,所属省份,13083,江苏省
11117,常州站,所属省份,13083,江苏省
11116,常州北站,所属省份,13083,江苏省
10171,丹阳站,所属省份,13083,江苏省
10170,丹阳北站,所属省份,13083,江苏省
10101,东海县站,所属省份,13083,江苏省
10086,东台站,所属省份,13083,江苏省
12798,阜宁站,所属省份,13083,江苏省
12796,阜宁东站,所属省份,13083,江苏省
12797,阜宁南站,所属省份,13083,江苏省
12564,赣榆站,所属省份,13083,江苏省
11997,灌南站,所属省份,13083,江苏省
12522,观音机场站,所属省份,13083,江苏省
11996,灌云站,所属省份,13083,江苏省
11877,海安站,所属省份,13083,江苏省
11883,海门站,所属省份,13083,江苏省
11903,淮安站,所属省份,13083,江苏省
11902,淮安东站,所属省份,13083,江苏省
12361,花桥站,所属省份,13083,江苏省
11316,惠山站,所属省份,13083,江苏省
11775,江都站,所属省份,13083,江苏省
11764,江宁站,所属省份,13083,江苏省
11765,江宁西站,所属省份,13083,江苏省
10876,姜堰站,所属省份,13083,江苏省
11217,建湖站,所属省份,13083,江苏省
10600,句容西站,所属省份,13083,江苏省
11447,昆山站,所属省份,13083,江苏省
11446,昆山南站,所属省份,13083,江苏省
11887,涟水站,所属省份,13083,江苏省
12607,连云港站,所属省份,13083,江苏省
12606,连云港东站,所属省份,13083,江苏省
11954,溧水站,所属省份,13083,江苏省
11955,溧阳站,所属省份,13083,江苏省
10498,南京站,所属省份,13083,江苏省
10497,南京南站,所属省份,13083,江苏省
10536,南通站,所属省份,13083,江苏省
12647,邳州站,所属省份,13083,江苏省
10635,启东站,所属省份,13083,江苏省
11327,戚墅堰站,所属省份,13083,江苏省
10869,如东站,所属省份,13083,江苏省
10870,如皋站,所属省份,13083,江苏省
11022,射阳站,所属省份,13083,江苏省
11817,沭阳站,所属省份,13083,江苏省
11834,泗阳站,所属省份,13083,江苏省
12159,睢宁站,所属省份,13083,江苏省
11000,宿迁站,所属省份,13083,江苏省
12377,苏州站,所属省份,13083,江苏省
12374,苏州北站,所属省份,13083,江苏省
12376,苏州新区站,所属省份,13083,江苏省
12375,苏州园区站,所属省份,13083,江苏省
11841,泰州站,所属省份,13083,江苏省
12073,瓦屋山站,所属省份,13083,江苏省
11438,无锡站,所属省份,13083,江苏省
11436,无锡东站,所属省份,13083,江苏省
11437,无锡新区站,所属省份,13083,江苏省
10677,响水县站,所属省份,13083,江苏省
10282,仙林站,所属省份,13083,江苏省
11411,新沂站,所属省份,13083,江苏省
11269,徐州站,所属省份,13083,江苏省
11268,徐州东站,所属省份,13083,江苏省
12146,盐城站,所属省份,13083,江苏省
12818,阳澄湖站,所属省份,13083,江苏省
11847,洋河站,所属省份,13083,江苏省
11337,扬州站,所属省份,13083,江苏省
10964,宜兴站,所属省份,13083,江苏省
12748,镇江站,所属省份,13083,江苏省
12747,镇江南站,所属省份,13083,江苏省
10468,北板桥站,所属省份,13084,江西省
10758,大余站,所属省份,13084,江西省
11282,德安站,所属省份,13084,江西省
11281,德兴站,所属省份,13084,江西省
11280,德兴东站,所属省份,13084,江西省
10955,定南站,所属省份,13084,江西省
10078,东乡站,所属省份,13084,江西省
12673,都昌站,所属省份,13084,江西省
10138,丰城站,所属省份,13084,江西省
10136,丰城东站,所属省份,13084,江西省
10137,丰城南站,所属省份,13084,江西省
10431,分宜站,所属省份,13084,江西省
11348,抚州站,所属省份,13084,江西省
11347,抚州东站,所属省份,13084,江西省
12561,赣县北站,所属省份,13084,江西省
12562,赣州站,所属省份,13084,江西省
12563,赣州西站,所属省份,13084,江西省
12954,高安站,所属省份,13084,江西省
10382,共青城站,所属省份,13084,江西省
12546,贵溪站,所属省份,13084,江西省
11677,横峰站,所属省份,13084,江西省
10298,会昌北站,所属省份,13084,江西省
11941,湖口站,所属省份,13084,江西省
10614,吉安站,所属省份,13084,江西省
10615,吉安西站,所属省份,13084,江西省
11486,景德镇站,所属省份,13084,江西省
11485,景德镇北站,所属省份,13084,江西省
10261,井冈山站,所属省份,13084,江西省
12605,进贤站,所属省份,13084,江西省
12604,进贤南站,所属省份,13084,江西省
10619,吉水西站,所属省份,13084,江西省
10214,九江站,所属省份,13084,江西省
10203,乐平市站,所属省份,13084,江西省
13051,龙南站,所属省份,13084,江西省
13058,龙市站,所属省份,13084,江西省
11185,庐山站,所属省份,13084,江西省
10519,南昌站,所属省份,13084,江西省
10520,南昌西站,所属省份,13084,江西省
10506,南城站,所属省份,13084,江西省
10495,南丰站,所属省份,13084,江西省
11262,彭泽站,所属省份,13084,江西省
12419,萍乡站,所属省份,13084,江西省
12418,萍乡北站,所属省份,13084,江西省
12684,鄱阳站,所属省份,13084,江西省
12068,瑞昌站,所属省份,13084,江西省
12069,瑞昌西站,所属省份,13084,江西省
12070,瑞金站,所属省份,13084,江西省
10067,上饶站,所属省份,13084,江西省
11837,泰和站,所属省份,13084,江西省
10014,万安县站,所属省份,13084,江西省
10017,万年站,所属省份,13084,江西省
10251,五府山站,所属省份,13084,江西省
10891,婺源站,所属省份,13084,江西省
11082,峡江站,所属省份,13084,江西省
10631,向塘站,所属省份,13084,江西省
10322,信丰站,所属省份,13084,江西省
11398,新干站,所属省份,13084,江西省
11397,新干东站,所属省份,13084,江西省
10390,兴国站,所属省份,13084,江西省
10391,兴国西站,所属省份,13084,江西省
11380,新余站,所属省份,13084,江西省
11379,新余北站,所属省份,13084,江西省
10970,宜春站,所属省份,13084,江西省
12996,鹰潭站,所属省份,13084,江西省
12995,鹰潭北站,所属省份,13084,江西省
11232,弋阳站,所属省份,13084,江西省
11730,永修站,所属省份,13084,江西省
10231,于都站,所属省份,13084,江西省
10304,余江站,所属省份,13084,江西省
12044,玉山站,所属省份,13084,江西省
12043,玉山南站,所属省份,13084,江西省
11676,樟树站,所属省份,13084,江西省
11675,樟树东站,所属省份,13084,江西省
12556,资溪站,所属省份,13084,江西省
10933,安广站,所属省份,13073,吉林省
10926,安图站,所属省份,13073,吉林省
10927,安图西站,所属省份,13073,吉林省
12105,白城站,所属省份,13073,吉林省
12122,白河站,所属省份,13073,吉林省
12108,白山市站,所属省份,13073,吉林省
12127,白石山站,所属省份,13073,吉林省
11572,板石河站,所属省份,13073,吉林省
10320,保康站,所属省份,13073,吉林省
10466,北岗站,所属省份,13073,吉林省
11111,布海站,所属省份,13073,吉林省
12451,蔡家沟站,所属省份,13073,吉林省
11595,查干湖站,所属省份,13073,吉林省
12771,长春站,所属省份,13073,吉林省
12772,长春西站,所属省份,13073,吉林省
12768,长山屯站,所属省份,13073,吉林省
11516,朝阳镇站,所属省份,13073,吉林省
12393,茶条沟站,所属省份,13073,吉林省
10771,大安站,所属省份,13073,吉林省
10770,大安北站,所属省份,13073,吉林省
10756,大东站,所属省份,13073,吉林省
12592,达家沟站,所属省份,13073,吉林省
10763,大口钦站,所属省份,13073,吉林省
10436,到保站,所属省份,13073,吉林省
12633,道清站,所属省份,13073,吉林省
10802,大石头站,所属省份,13073,吉林省
10801,大石头南站,所属省份,13073,吉林省
10773,大屯站,所属省份,13073,吉林省
11285,德惠站,所属省份,13073,吉林省
11286,德惠西站,所属省份,13073,吉林省
10077,东丰站,所属省份,13073,吉林省
10091,东富站,所属省份,13073,吉林省
11719,氡泉站,所属省份,13073,吉林省
10118,东通化站,所属省份,13073,吉林省
11367,敦化站,所属省份,13073,吉林省
10221,二岔站,所属省份,13073,吉林省
12387,范家屯站,所属省份,13073,吉林省
10139,丰广站,所属省份,13073,吉林省
11339,扶余站,所属省份,13073,吉林省
11338,扶余北站,所属省份,13073,吉林省
10359,公主岭站,所属省份,13073,吉林省
10358,公主岭南站,所属省份,13073,吉林省
12666,郭家店站,所属省份,13073,吉林省
11581,果松站,所属省份,13073,吉林省
12416,菇园站,所属省份,13073,吉林省
10665,哈尔巴岭站,所属省份,13073,吉林省
10671,哈拉海站,所属省份,13073,吉林省
13039,黑水站,所属省份,13073,吉林省
10653,和龙站,所属省份,13073,吉林省
13016,黄柏站,所属省份,13073,吉林省
12400,荒沟西站,所属省份,13073,吉林省
13020,黄泥河站,所属省份,13073,吉林省
13019,黄泥崴子站,所属省份,13073,吉林省
13015,黄松甸站,所属省份,13073,吉林省
11645,桦皮厂站,所属省份,13073,吉林省
12065,珲春站,所属省份,13073,吉林省
11999,火炬沟站,所属省份,13073,吉林省
12869,集安站,所属省份,13073,吉林省
11212,建安站,所属省份,13073,吉林省
11766,江密峰站,所属省份,13073,吉林省
11774,江源站,所属省份,13073,吉林省
12467,蛟河站,所属省份,13073,吉林省
12468,蛟河西站,所属省份,13073,吉林省
10618,吉林站,所属省份,13073,吉林省
10620,吉舒站,所属省份,13073,吉林省
10213,九台站,所属省份,13073,吉林省
10212,九台南站,所属省份,13073,吉林省
11224,开安站,所属省份,13073,吉林省
10550,卡伦站,所属省份,13073,吉林省
10584,口前站,所属省份,13073,吉林省
12751,镇赉站,所属省份,13073,吉林省
10370,兰家屯站,所属省份,13073,吉林省
12318,老岭站,所属省份,13073,吉林省
12320,老爷岭站,所属省份,13073,吉林省
12323,老营站,所属省份,13073,吉林省
12188,砬子河站,所属省份,13073,吉林省
10121,两家站,所属省份,13073,吉林省
12589,辽源站,所属省份,13073,吉林省
10149,临江站,所属省份,13073,吉林省
11576,林子头站,所属省份,13073,吉林省
10369,六道河站,所属省份,13073,吉林省
11609,柳河站,所属省份,13073,吉林省
13053,龙嘉站,所属省份,13073,吉林省
13050,龙井站,所属省份,13073,吉林省
12880,露水河站,所属省份,13073,吉林省
12385,茂林站,所属省份,13073,吉林省
11652,梅河口站,所属省份,13073,吉林省
11458,明城站,所属省份,13073,吉林省
12247,米沙子站,所属省份,13073,吉林省
10411,农安站,所属省份,13073,吉林省
12197,磐石站,所属省份,13073,吉林省
11138,平安站,所属省份,13073,吉林省
11135,平台站,所属省份,13073,吉林省
10219,乾安站,所属省份,13073,吉林省
10438,前窑站,所属省份,13073,吉林省
12894,青沟子站,所属省份,13073,吉林省
11658,棋盘站,所属省份,13073,吉林省
11828,泉阳站,所属省份,13073,吉林省
10041,三源浦站,所属省份,13073,吉林省
11059,山城镇站,所属省份,13073,吉林省
12178,石湖站,所属省份,13073,吉林省
10481,十里坪站,所属省份,13073,吉林省
12161,石人站,所属省份,13073,吉林省
10573,双河镇站,所属省份,13073,吉林省
10565,双吉站,所属省份,13073,吉林省
10579,双辽站,所属省份,13073,吉林省
10580,双阳站,所属省份,13073,吉林省
11725,水洞站,所属省份,13073,吉林省
12343,舒兰站,所属省份,13073,吉林省
10711,四平站,所属省份,13073,吉林省
10710,四平东站,所属省份,13073,吉林省
11565,松江河站,所属省份,13073,吉林省
11567,松江镇站,所属省份,13073,吉林省
11558,松岭站,所属省份,13073,吉林省
11562,松树镇站,所属省份,13073,吉林省
11555,松原站,所属省份,13073,吉林省
10851,太平川站,所属省份,13073,吉林省
12851,陶家屯站,所属省份,13073,吉林省
12853,陶赖昭站,所属省份,13073,吉林省
11859,洮南站,所属省份,13073,吉林省
10828,天岗站,所属省份,13073,吉林省
12723,铁厂站,所属省份,13073,吉林省
12615,通化站,所属省份,13073,吉林省
12614,通化县站,所属省份,13073,吉林省
12621,通榆站,所属省份,13073,吉林省
10722,图们站,所属省份,13073,吉林省
10721,图们北站,所属省份,13073,吉林省
10725,土们岭站,所属省份,13073,吉林省
12948,驼腰岭站,所属省份,13073,吉林省
12057,王府站,所属省份,13073,吉林省
11949,湾沟站,所属省份,13073,吉林省
11792,沃皮站,所属省份,13073,吉林省
10257,五道沟站,所属省份,13073,吉林省
10253,五棵树站,所属省份,13073,吉林省
10281,仙人桥站,所属省份,13073,吉林省
11029,小姑家站,所属省份,13073,吉林省
11032,小山站,所属省份,13073,吉林省
12488,西丰站,所属省份,13073,吉林省
12519,西阳岔站,所属省份,13073,吉林省
10265,亚复站,所属省份,13073,吉林省
12806,阳岔站,所属省份,13073,吉林省
11203,延吉站,所属省份,13073,吉林省
11204,延吉西站,所属省份,13073,吉林省
12012,烟筒山站,所属省份,13073,吉林省
10874,姚家站,所属省份,13073,吉林省
12984,鸭园站,所属省份,13073,吉林省
11265,影壁山站,所属省份,13073,吉林省
10296,伊通站,所属省份,13073,吉林省
11668,榆树站,所属省份,13073,吉林省
11666,榆树川站,所属省份,13073,吉林省
11573,枕头峰站,所属省份,13073,吉林省
12750,镇西站,所属省份,13073,吉林省
11098,左家站,所属省份,13073,吉林省
10561,叆河站,所属省份,13095,辽宁省
12839,阿金站,所属省份,13095,辽宁省
10932,安平站,所属省份,13095,辽宁省
12909,鞍山站,所属省份,13095,辽宁省
12910,鞍山西站,所属省份,13095,辽宁省
10355,八里甸子站,所属省份,13095,辽宁省
10356,八面城站,所属省份,13095,辽宁省
10472,北磴站,所属省份,13095,辽宁省
10456,北井子站,所属省份,13095,辽宁省
10474,北票站,所属省份,13095,辽宁省
10473,北票南站,所属省份,13095,辽宁省
11520,本溪站,所属省份,13095,辽宁省
11519,本溪新城站,所属省份,13095,辽宁省
12587,边沟站,所属省份,13095,辽宁省
12371,苍石站,所属省份,13095,辽宁省
12398,草河口站,所属省份,13095,辽宁省
12397,草市站,所属省份,13095,辽宁省
12782,长甸站,所属省份,13095,辽宁省
12785,长虹站,所属省份,13095,辽宁省
11453,昌图站,所属省份,13095,辽宁省
11454,昌图西站,所属省份,13095,辽宁省
11515,朝阳站,所属省份,13095,辽宁省
11511,朝阳南站,所属省份,13095,辽宁省
10738,城子坦站,所属省份,13095,辽宁省
12848,陈相屯站,所属省份,13095,辽宁省
10145,串子沟站,所属省份,13095,辽宁省
10768,大堡站,所属省份,13095,辽宁省
10772,大官屯站,所属省份,13095,辽宁省
10769,大孤山站,所属省份,13095,辽宁省
10807,大红旗站,所属省份,13095,辽宁省
10813,大虎山站,所属省份,13095,辽宁省
10819,大连站,所属省份,13095,辽宁省
10818,大连北站,所属省份,13095,辽宁省
10167,丹东站,所属省份,13095,辽宁省
10430,刀尔登站,所属省份,13095,辽宁省
10804,大石桥站,所属省份,13095,辽宁省
10778,大徐屯站,所属省份,13095,辽宁省
10825,大雅河站,所属省份,13095,辽宁省
10822,大阳站,所属省份,13095,辽宁省
12102,登沙河站,所属省份,13095,辽宁省
12000,灯塔站,所属省份,13095,辽宁省
10104,东港北站,所属省份,13095,辽宁省
10100,东沟门站,所属省份,13095,辽宁省
10116,东辛庄站,所属省份,13095,辽宁省
10114,东营子站,所属省份,13095,辽宁省
10424,凤城东站,所属省份,13095,辽宁省
10420,凤凰城站,所属省份,13095,辽宁省
11350,抚顺北站,所属省份,13095,辽宁省
12800,阜新站,所属省份,13095,辽宁省
12799,阜新南站,所属省份,13095,辽宁省
12150,盖州站,所属省份,13095,辽宁省
12151,盖州西站,所属省份,13095,辽宁省
12964,高桥镇站,所属省份,13095,辽宁省
12958,高山子站,所属省份,13095,辽宁省
12986,鸽子洞站,所属省份,13095,辽宁省
11813,沟帮子站,所属省份,13095,辽宁省
11998,灌水站,所属省份,13095,辽宁省
10589,古城子站,所属省份,13095,辽宁省
12665,郭家屯站,所属省份,13095,辽宁省
11873,海城站,所属省份,13095,辽宁省
11874,海城西站,所属省份,13095,辽宁省
11014,寒岭站,所属省份,13095,辽宁省
13036,黑山北站,所属省份,13095,辽宁省
11638,桓龙湖站,所属省份,13095,辽宁省
12356,花园口站,所属省份,13095,辽宁省
12434,葫芦岛站,所属省份,13095,辽宁省
12433,葫芦岛北站,所属省份,13095,辽宁省
11214,建昌站,所属省份,13095,辽宁省
12707,金杖子站,所属省份,13095,辽宁省
12704,金州站,所属省份,13095,辽宁省
12742,锦州站,所属省份,13095,辽宁省
12741,锦州南站,所属省份,13095,辽宁省
11222,开原站,所属省份,13095,辽宁省
11223,开原西站,所属省份,13095,辽宁省
10693,喀左站,所属省份,13095,辽宁省
10896,孔家沟站,所属省份,13095,辽宁省
10993,宽甸站,所属省份,13095,辽宁省
12324,老边站,所属省份,13095,辽宁省
12608,连山关站,所属省份,13095,辽宁省
12590,辽阳站,所属省份,13095,辽宁省
12588,辽中站,所属省份,13095,辽宁省
10446,励家站,所属省份,13095,辽宁省
10417,凌海站,所属省份,13095,辽宁省
10419,凌源站,所属省份,13095,辽宁省
10418,凌源东站,所属省份,13095,辽宁省
11579,林盛堡站,所属省份,13095,辽宁省
11532,李石寨站,所属省份,13095,辽宁省
10432,刘家河站,所属省份,13095,辽宁省
11603,柳树屯站,所属省份,13095,辽宁省
13066,龙爪沟站,所属省份,13095,辽宁省
12936,马三家站,所属省份,13095,辽宁省
11197,庙阳站,所属省份,13095,辽宁省
10864,奈林皋站,所属省份,13095,辽宁省
10534,南芬站,所属省份,13095,辽宁省
10533,南芬北站,所属省份,13095,辽宁省
10524,南桥站,所属省份,13095,辽宁省
10527,南汤站,所属省份,13095,辽宁省
10529,南洼站,所属省份,13095,辽宁省
10523,南杂木站,所属省份,13095,辽宁省
12029,牛河梁站,所属省份,13095,辽宁省
12028,牛庄站,所属省份,13095,辽宁省
10868,女儿河站,所属省份,13095,辽宁省
12156,盘锦站,所属省份,13095,辽宁省
12155,盘锦北站,所属省份,13095,辽宁省
11835,泡子站,所属省份,13095,辽宁省
10330,偏岭站,所属省份,13095,辽宁省
10331,偏岭镇站,所属省份,13095,辽宁省
12143,皮口站,所属省份,13095,辽宁省
11475,普兰店站,所属省份,13095,辽宁省
11481,普湾站,所属省份,13095,辽宁省
11639,桥北站,所属省份,13095,辽宁省
11640,桥头站,所属省份,13095,辽宁省
12203,祁家堡站,所属省份,13095,辽宁省
12885,青堆站,所属省份,13095,辽宁省
11920,清河门北站,所属省份,13095,辽宁省
11913,清原站,所属省份,13095,辽宁省
11489,曲家店站,所属省份,13095,辽宁省
12282,绕阳河站,所属省份,13095,辽宁省
10289,任家店站,所属省份,13095,辽宁省
10038,三江口站,所属省份,13095,辽宁省
10023,三十家站,所属省份,13095,辽宁省
11809,沙海站,所属省份,13095,辽宁省
11805,沙岭站,所属省份,13095,辽宁省
11906,深井子站,所属省份,13095,辽宁省
11799,沈阳站,所属省份,13095,辽宁省
11797,沈阳北站,所属省份,13095,辽宁省
11798,沈阳南站,所属省份,13095,辽宁省
12165,石城站,所属省份,13095,辽宁省
12180,石脑站,所属省份,13095,辽宁省
12174,石桥子站,所属省份,13095,辽宁省
11723,水泉站,所属省份,13095,辽宁省
10709,四家子站,所属省份,13095,辽宁省
11561,松树站,所属省份,13095,辽宁省
11559,松树台站,所属省份,13095,辽宁省
12286,绥中站,所属省份,13095,辽宁省
12285,绥中北站,所属省份,13095,辽宁省
12372,苏家屯站,所属省份,13095,辽宁省
10602,台安站,所属省份,13095,辽宁省
11780,汤山城站,所属省份,13095,辽宁省
11622,桃园站,所属省份,13095,辽宁省
12088,田家沟站,所属省份,13095,辽宁省
10831,天桥站,所属省份,13095,辽宁省
10830,天桥沟站,所属省份,13095,辽宁省
12720,铁刹山站,所属省份,13095,辽宁省
12719,铁佛寺站,所属省份,13095,辽宁省
12725,铁岭站,所属省份,13095,辽宁省
12726,铁岭西站,所属省份,13095,辽宁省
10310,佟家站,所属省份,13095,辽宁省
12625,通远堡站,所属省份,13095,辽宁省
12626,通远堡西站,所属省份,13095,辽宁省
12074,瓦房店站,所属省份,13095,辽宁省
12075,瓦房店西站,所属省份,13095,辽宁省
11709,歪头山站,所属省份,13095,辽宁省
10879,威宁站,所属省份,13095,辽宁省
12972,魏杖子站,所属省份,13095,辽宁省
11935,温泉寺站,所属省份,13095,辽宁省
10638,吴家屯站,所属省份,13095,辽宁省
10260,五龙背站,所属省份,13095,辽宁省
10259,五龙背东站,所属省份,13095,辽宁省
10247,五女山站,所属省份,13095,辽宁省
10076,下马塘站,所属省份,13095,辽宁省
11024,小东站,所属省份,13095,辽宁省
11034,小市站,所属省份,13095,辽宁省
12512,西柳站,所属省份,13095,辽宁省
10392,兴城站,所属省份,13095,辽宁省
10401,兴隆店站,所属省份,13095,辽宁省
11533,杏树屯站,所属省份,13095,辽宁省
11396,新寒岭站,所属省份,13095,辽宁省
11400,新开站,所属省份,13095,辽宁省
11415,新立屯站,所属省份,13095,辽宁省
11409,新民站,所属省份,13095,辽宁省
11408,新民北站,所属省份,13095,辽宁省
11420,新邱站,所属省份,13095,辽宁省
12018,熊岳城站,所属省份,13095,辽宁省
11074,岫岩站,所属省份,13095,辽宁省
10989,宣家沟站,所属省份,13095,辽宁省
12528,许家屯站,所属省份,13095,辽宁省
12866,雅河站,所属省份,13095,辽宁省
11540,杨家店站,所属省份,13095,辽宁省
12306,羊圈子站,所属省份,13095,辽宁省
11548,杨树湾站,所属省份,13095,辽宁省
11545,杨杖子站,所属省份,13095,辽宁省
10873,姚千户屯站,所属省份,13095,辽宁省
10606,叶柏寿站,所属省份,13095,辽宁省
10004,一面山站,所属省份,13095,辽宁省
12420,营北站,所属省份,13095,辽宁省
12422,营口站,所属省份,13095,辽宁省
12421,营口东站,所属省份,13095,辽宁省
10177,义县站,所属省份,13095,辽宁省
10178,义县西站,所属省份,13095,辽宁省
11746,永甸站,所属省份,13095,辽宁省
12478,裕国站,所属省份,13095,辽宁省
12979,鲅鱼圈站,所属省份,13095,辽宁省
12242,章党站,所属省份,13095,辽宁省
11235,张台子站,所属省份,13095,辽宁省
11264,彰武站,所属省份,13095,辽宁省
10123,中兴站,所属省份,13095,辽宁省
11182,庄河北站,所属省份,13095,辽宁省
12347,艾家村站,所属省份,13076,宁夏回族自治区
12128,白芨沟站,所属省份,13076,宁夏回族自治区
12758,长农站,所属省份,13076,宁夏回族自治区
10766,大坝站,所属省份,13076,宁夏回族自治区
10805,大磴沟站,所属省份,13076,宁夏回族自治区
10792,大武口站,所属省份,13076,宁夏回族自治区
10779,大战场站,所属省份,13076,宁夏回族自治区
10222,二营站,所属省份,13076,宁夏回族自治区
11126,干塘站,所属省份,13076,宁夏回族自治区
10718,固原站,所属省份,13076,宁夏回族自治区
12913,韩府湾站,所属省份,13076,宁夏回族自治区
12260,红寺堡站,所属省份,13076,宁夏回族自治区
13027,黄羊滩站,所属省份,13076,宁夏回族自治区
13026,黄羊湾站,所属省份,13076,宁夏回族自治区
11314,惠农站,所属省份,13076,宁夏回族自治区
12480,褚家湾站,所属省份,13076,宁夏回族自治区
12004,灵武站,所属省份,13076,宁夏回族自治区
11600,柳家庄站,所属省份,13076,宁夏回族自治区
10366,六盘山站,所属省份,13076,宁夏回族自治区
11531,李旺站,所属省份,13076,宁夏回族自治区
10912,宁东站,所属省份,13076,宁夏回族自治区
10911,宁东南站,所属省份,13076,宁夏回族自治区
11488,暖泉站,所属省份,13076,宁夏回族自治区
11263,彭阳站,所属省份,13076,宁夏回族自治区
11158,平罗站,所属省份,13076,宁夏回族自治区
12900,青铜峡站,所属省份,13076,宁夏回族自治区
10009,七营站,所属省份,13076,宁夏回族自治区
11762,汝箕沟站,所属省份,13076,宁夏回族自治区
10022,三关口站,所属省份,13076,宁夏回族自治区
10043,三营站,所属省份,13076,宁夏回族自治区
11801,沙坡头站,所属省份,13076,宁夏回族自治区
11795,沈家河站,所属省份,13076,宁夏回族自治区
12164,石坝站,所属省份,13076,宁夏回族自治区
12162,石嘴山站,所属省份,13076,宁夏回族自治区
10859,太阳山站,所属省份,13076,宁夏回族自治区
10622,同心站,所属省份,13076,宁夏回族自治区
10727,土桥子站,所属省份,13076,宁夏回族自治区
12052,王团庄站,所属省份,13076,宁夏回族自治区
10986,宣和站,所属省份,13076,宁夏回族自治区
12147,盐池站,所属省份,13076,宁夏回族自治区
12733,银川站,所属省份,13076,宁夏回族自治区
12424,营盘水站,所属省份,13076,宁夏回族自治区
10130,中宁站,所属省份,13076,宁夏回族自治区
10128,中宁东站,所属省份,13076,宁夏回族自治区
10129,中宁南站,所属省份,13076,宁夏回族自治区
10124,中卫站,所属省份,13076,宁夏回族自治区
11016,察尔汗站,所属省份,13098,青海省
12594,达布逊站,所属省份,13098,青海省
10791,大柴旦站,所属省份,13098,青海省
10820,大通西站,所属省份,13098,青海省
11277,德令哈站,所属省份,13098,青海省
10433,刚察站,所属省份,13098,青海省
11617,格尔木站,所属省份,13098,青海省
10670,哈尔盖站,所属省份,13098,青海省
11879,海晏站,所属省份,13098,青海省
11948,湟源站,所属省份,13098,青海省
11597,柯柯站,所属省份,13098,青海省
10209,乐都站,所属省份,13098,青海省
12610,连湖站,所属省份,13098,青海省
12939,马海站,所属省份,13098,青海省
12786,门源站,所属省份,13098,青海省
12981,鸟岛站,所属省份,13098,青海省
11139,平安驿站,所属省份,13098,青海省
10832,天棚站,所属省份,13098,青海省
10184,乌兰站,所属省份,13098,青海省
12497,西宁站,所属省份,13098,青海省
12740,锡铁山站,所属省份,13098,青海省
12929,饮马峡站,所属省份,13098,青海省
12974,鱼卡站,所属省份,13098,青海省
10937,安康站,所属省份,13097,陕西省
12120,白河东站,所属省份,13097,陕西省
12121,白河县站,所属省份,13097,陕西省
12113,白水江站,所属省份,13097,陕西省
10982,宝鸡站,所属省份,13097,陕西省
10981,宝鸡南站,所属省份,13097,陕西省
11105,巴山站,所属省份,13097,陕西省
11256,彬州站,所属省份,13097,陕西省
12449,蔡家坡站,所属省份,13097,陕西省
12773,长武站,所属省份,13097,陕西省
10737,城固北站,所属省份,13097,陕西省
10810,大荔站,所属省份,13097,陕西省
10809,大荔北站,所属省份,13097,陕西省
10168,丹凤站,所属省份,13097,陕西省
10806,大竹园站,所属省份,13097,陕西省
10961,定边站,所属省份,13097,陕西省
12834,阿房宫站,所属省份,13097,陕西省
10422,凤县站,所属省份,13097,陕西省
10425,凤州站,所属省份,13097,陕西省
10306,佛坪站,所属省份,13097,陕西省
11004,富县东站,所属省份,13097,陕西省
12083,甘泉北站,所属省份,13097,陕西省
12966,高滩站,所属省份,13097,陕西省
12464,虢镇站,所属省份,13097,陕西省
12912,韩城站,所属省份,13097,陕西省
11753,汉中站,所属省份,13097,陕西省
10613,合阳北站,所属省份,13097,陕西省
13031,黄陵站,所属省份,13097,陕西省
13030,黄陵南站,所属省份,13097,陕西省
10491,华山站,所属省份,13097,陕西省
10490,华山北站,所属省份,13097,陕西省
12680,鄠邑站,所属省份,13097,陕西省
12904,靖边站,所属省份,13097,陕西省
12743,锦界站,所属省份,13097,陕西省
11442,旬阳北站,所属省份,13097,陕西省
12199,礼泉站,所属省份,13097,陕西省
12845,陇县站,所属省份,13097,陕西省
12099,略阳站,所属省份,13097,陕西省
13003,麻柳站,所属省份,13097,陕西省
11711,毛坝关站,所属省份,13097,陕西省
12248,米脂站,所属省份,13097,陕西省
10915,宁强南站,所属省份,13097,陕西省
12441,蒲城站,所属省份,13097,陕西省
12440,蒲城东站,所属省份,13097,陕西省
10483,千河站,所属省份,13097,陕西省
10218,乾县站,所属省份,13097,陕西省
10484,千阳站,所属省份,13097,陕西省
11921,清涧县站,所属省份,13097,陕西省
12233,秦岭站,所属省份,13097,陕西省
11065,岐山站,所属省份,13097,陕西省
10024,三原站,所属省份,13097,陕西省
10689,商洛站,所属省份,13097,陕西省
10686,商南站,所属省份,13097,陕西省
12208,神木站,所属省份,13097,陕西省
12177,石泉县站,所属省份,13097,陕西省
12288,绥德站,所属省份,13097,陕西省
10900,孙镇站,所属省份,13097,陕西省
11991,潼关站,所属省份,13097,陕西省
11937,渭南站,所属省份,13097,陕西省
11936,渭南北站,所属省份,13097,陕西省
11938,渭南西站,所属省份,13097,陕西省
12911,韦庄站,所属省份,13097,陕西省
10636,吴堡站,所属省份,13097,陕西省
11692,武功站,所属省份,13097,陕西省
12500,西安站,所属省份,13097,陕西省
12498,西安北站,所属省份,13097,陕西省
12499,西安南站,所属省份,13097,陕西省
10660,咸阳站,所属省份,13097,陕西省
10659,咸阳秦都站,所属省份,13097,陕西省
11042,小河镇站,所属省份,13097,陕西省
10396,兴平站,所属省份,13097,陕西省
12490,西乡站,所属省份,13097,陕西省
11443,旬阳站,所属省份,13097,陕西省
11205,延安站,所属省份,13097,陕西省
12187,砚川站,所属省份,13097,陕西省
11551,杨陵站,所属省份,13097,陕西省
11550,杨陵南站,所属省份,13097,陕西省
12807,阳平关站,所属省份,13097,陕西省
11846,洋县西站,所属省份,13097,陕西省
12794,阎良站,所属省份,13097,陕西省
12019,燕子砭站,所属省份,13097,陕西省
11729,永乐店站,所属省份,13097,陕西省
11737,永寿站,所属省份,13097,陕西省
11664,榆林站,所属省份,13097,陕西省
11243,张桥站,所属省份,13097,陕西省
12745,镇安站,所属省份,13097,陕西省
12714,钟家村站,所属省份,13097,陕西省
10894,子长站,所属省份,13097,陕西省
12252,紫阳站,所属省份,13097,陕西省
10893,子洲站,所属省份,13097,陕西省
11593,柞水站,所属省份,13097,陕西省
11967,滨州站,所属省份,13078,山东省
10546,博兴站,所属省份,13078,山东省
11496,曹县站,所属省份,13078,山东省
11452,昌乐站,所属省份,13078,山东省
11121,常庄站,所属省份,13078,山东省
12679,鄄城站,所属省份,13078,山东省
12195,磁窑站,所属省份,13078,山东省
10784,大明湖站,所属省份,13078,山东省
11284,德州站,所属省份,13078,山东省
11283,德州东站,所属省份,13078,山东省
10963,定陶站,所属省份,13078,山东省
12432,董家口站,所属省份,13078,山东省
10097,东明县站,所属省份,13078,山东省
10115,东营站,所属省份,13078,山东省
10113,东营南站,所属省份,13078,山东省
12388,范镇站,所属省份,13078,山东省
12551,费县站,所属省份,13078,山东省
12550,费县北站,所属省份,13078,山东省
12957,高密站,所属省份,13078,山东省
12956,高密北站,所属省份,13078,山东省
11884,海阳北站,所属省份,13078,山东省
13038,黑旺站,所属省份,13078,山东省
12417,菏泽站,所属省份,13078,山东省
12338,胶州站,所属省份,13078,山东省
12337,胶州北站,所属省份,13078,山东省
10702,嘉祥站,所属省份,13078,山东省
10554,即墨北站,所属省份,13078,山东省
11862,济南站,所属省份,13078,山东省
11861,济南东站,所属省份,13078,山东省
11863,济南西站,所属省份,13078,山东省
11864,济宁站,所属省份,13078,山东省
12407,莒南站,所属省份,13078,山东省
12406,莒南北站,所属省份,13078,山东省
11100,巨野站,所属省份,13078,山东省
12410,莱芜东站,所属省份,13078,山东省
12411,莱西站,所属省份,13078,山东省
12412,莱阳站,所属省份,13078,山东省
12443,蓝村站,所属省份,13078,山东省
10381,兰陵北站,所属省份,13078,山东省
11070,岚山西站,所属省份,13078,山东省
11646,梁山站,所属省份,13078,山东省
12328,聊城站,所属省份,13078,山东省
10555,厉家寨站,所属省份,13078,山东省
10435,利津南站,所属省份,13078,山东省
12849,陵城站,所属省份,13078,山东省
12452,蔺家楼站,所属省份,13078,山东省
10161,临清站,所属省份,13078,山东省
10154,临沂站,所属省份,13078,山东省
10153,临沂北站,所属省份,13078,山东省
10152,临沂东站,所属省份,13078,山东省
10164,临邑站,所属省份,13078,山东省
10160,临淄北站,所属省份,13078,山东省
13052,龙口市站,所属省份,13078,山东省
12408,莒县站,所属省份,13078,山东省
12436,蒙山站,所属省份,13078,山东省
12031,牟平站,所属省份,13078,山东省
10503,南博山站,所属省份,13078,山东省
10499,南仇站,所属省份,13078,山东省
12448,蓬莱市站,所属省份,13078,山东省
11145,平度站,所属省份,13078,山东省
11161,平邑站,所属省份,13078,山东省
11134,平原站,所属省份,13078,山东省
11132,平原东站,所属省份,13078,山东省
13046,齐河站,所属省份,13078,山东省
12888,青岛站,所属省份,13078,山东省
12887,青岛北站,所属省份,13078,山东省
12889,青岛西站,所属省份,13078,山东省
12892,青州市站,所属省份,13078,山东省
12891,青州市北站,所属省份,13078,山东省
11493,曲阜站,所属省份,13078,山东省
11492,曲阜东站,所属省份,13078,山东省
11440,日照站,所属省份,13078,山东省
11441,日照西站,所属省份,13078,山东省
12401,荣成站,所属省份,13078,山东省
10217,乳山站,所属省份,13078,山东省
10068,上高镇站,所属省份,13078,山东省
10688,商河站,所属省份,13078,山东省
10607,司家岭站,所属省份,13078,山东省
11833,泗水站,所属省份,13078,山东省
11832,泗水南站,所属省份,13078,山东省
11839,泰安站,所属省份,13078,山东省
11840,泰山站,所属省份,13078,山东省
12668,郯城站,所属省份,13078,山东省
11625,桃村站,所属省份,13078,山东省
11624,桃村北站,所属省份,13078,山东省
11959,滕州站,所属省份,13078,山东省
11958,滕州东站,所属省份,13078,山东省
11983,潍坊站,所属省份,13078,山东省
11982,潍坊北站,所属省份,13078,山东省
10882,威海站,所属省份,13078,山东省
10881,威海北站,所属省份,13078,山东省
11374,文登站,所属省份,13078,山东省
11373,文登东站,所属省份,13078,山东省
10254,五莲站,所属省份,13078,山东省
10754,夏格庄站,所属省份,13078,山东省
11266,徐家店站,所属省份,13078,山东省
11473,晏城站,所属省份,13078,山东省
12820,阳谷站,所属省份,13078,山东省
12805,阳信站,所属省份,13078,山东省
12020,燕家庄站,所属省份,13078,山东省
12010,烟台站,所属省份,13078,山东省
12009,烟台南站,所属省份,13078,山东省
10347,兖州站,所属省份,13078,山东省
11790,沂南站,所属省份,13078,山东省
11791,沂水站,所属省份,13078,山东省
11953,源迁站,所属省份,13078,山东省
12226,禹城站,所属省份,13078,山东省
12225,禹城东站,所属省份,13078,山东省
12662,郓城站,所属省份,13078,山东省
11585,枣庄站,所属省份,13078,山东省
11584,枣庄东站,所属省份,13078,山东省
11586,枣庄西站,所属省份,13078,山东省
12241,章丘北站,所属省份,13078,山东省
12533,诸城站,所属省份,13078,山东省
11896,淄博站,所属省份,13078,山东省
11895,淄博北站,所属省份,13078,山东省
12654,邹城站,所属省份,13078,山东省
12655,邹平站,所属省份,13078,山东省
10922,安亭北站,所属省份,13069,上海市
12702,金山北站,所属省份,13069,上海市
10532,南翔北站,所属省份,13069,上海市
10060,上海站,所属省份,13069,上海市
10061,上海虹桥站,所属省份,13069,上海市
10059,上海南站,所属省份,13069,上海市
10062,上海西站,所属省份,13069,上海市
11566,松江站,所属省份,13069,上海市
11564,松江南站,所属省份,13069,上海市
10928,安塘站,所属省份,13079,山西省
12106,白壁关站,所属省份,13079,山西省
12110,白文东站,所属省份,13079,山西省
10739,堡子湾站,所属省份,13079,山西省
10475,北舍站,所属省份,13079,山西省
12450,蔡家崖站,所属省份,13079,山西省
11123,常村站,所属省份,13079,山西省
12780,长治站,所属省份,13079,山西省
12779,长治北站,所属省份,13079,山西省
12763,长子站,所属省份,13079,山西省
12236,程家站,所属省份,13079,山西省
10286,代县站,所属省份,13079,山西省
11077,岱岳站,所属省份,13079,山西省
10795,大涧站,所属省份,13079,山西省
10765,大同站,所属省份,13079,山西省
10764,大同南站,所属省份,13079,山西省
10817,大辛庄站,所属省份,13079,山西省
10811,大营站,所属省份,13079,山西省
10958,定襄站,所属省份,13079,山西省
10087,东坡站,所属省份,13079,山西省
10120,东阳关站,所属省份,13079,山西省
10081,东元庆站,所属省份,13079,山西省
10103,东淤地站,所属省份,13079,山西省
10119,东镇站,所属省份,13079,山西省
10093,东庄站,所属省份,13079,山西省
12540,豆罗站,所属省份,13079,山西省
10346,兑镇站,所属省份,13079,山西省
12255,繁峙站,所属省份,13079,山西省
12928,风陵渡站,所属省份,13079,山西省
11787,汾河站,所属省份,13079,山西省
11788,汾阳站,所属省份,13079,山西省
12962,高村站,所属省份,13079,山西省
12961,高平站,所属省份,13079,山西省
10585,古东站,所属省份,13079,山西省
10586,古交站,所属省份,13079,山西省
10909,孤山站,所属省份,13079,山西省
11824,河边站,所属省份,13079,山西省
11822,河津站,所属省份,13079,山西省
11857,洪洞站,所属省份,13079,山西省
11858,洪洞西站,所属省份,13079,山西省
10315,侯马站,所属省份,13079,山西省
10316,侯马西站,所属省份,13079,山西省
11298,怀仁站,所属省份,13079,山西省
11297,怀仁东站,所属省份,13079,山西省
12876,霍州站,所属省份,13079,山西省
12875,霍州东站,所属省份,13079,山西省
10271,交城站,所属省份,13079,山西省
10279,介休站,所属省份,13079,山西省
10278,介休东站,所属省份,13079,山西省
11470,晋城站,所属省份,13079,山西省
11469,晋城北站,所属省份,13079,山西省
11468,晋中站,所属省份,13079,山西省
12237,稷山站,所属省份,13079,山西省
11071,岢岚站,所属省份,13079,山西省
11069,岚县站,所属省份,13079,山西省
13032,黎城站,所属省份,13079,山西省
10150,临汾站,所属省份,13079,山西省
10151,临汾西站,所属省份,13079,山西省
12001,灵丘站,所属省份,13079,山西省
12007,灵石站,所属省份,13079,山西省
12006,灵石东站,所属省份,13079,山西省
11602,柳林南站,所属省份,13079,山西省
10889,娄烦站,所属省份,13079,山西省
11986,潞城站,所属省份,13079,山西省
12351,芦家庄站,所属省份,13079,山西省
10634,吕梁站,所属省份,13079,山西省
11975,漫流河站,所属省份,13079,山西省
10541,南陈铺站,所属省份,13079,山西省
10890,娘子关站,所属省份,13079,山西省
10918,宁武站,所属省份,13079,山西省
11156,平社站,所属省份,13079,山西省
11147,平旺站,所属省份,13079,山西省
11137,平型关站,所属省份,13079,山西省
11160,平遥站,所属省份,13079,山西省
11159,平遥古城站,所属省份,13079,山西省
11356,招柏站,所属省份,13079,山西省
11914,清徐站,所属省份,13079,山西省
12231,秦家庄站,所属省份,13079,山西省
11789,沁县站,所属省份,13079,山西省
12202,祁县站,所属省份,13079,山西省
12201,祁县东站,所属省份,13079,山西省
11064,山阴站,所属省份,13079,山西省
12210,神池站,所属省份,13079,山西省
12206,神头站,所属省份,13079,山西省
11021,寿阳站,所属省份,13079,山西省
11724,水洋站,所属省份,13079,山西省
11505,朔州站,所属省份,13079,山西省
10856,太谷站,所属省份,13079,山西省
10857,太谷西站,所属省份,13079,山西省
10847,太原站,所属省份,13079,山西省
10845,太原东站,所属省份,13079,山西省
10846,太原南站,所属省份,13079,山西省
10842,天镇站,所属省份,13079,山西省
11275,微子镇站,所属省份,13079,山西省
11372,文水站,所属省份,13079,山西省
12790,闻喜站,所属省份,13079,山西省
12791,闻喜西站,所属省份,13079,山西省
10245,五台山站,所属省份,13079,山西省
11691,武乡站,所属省份,13079,山西省
10249,五寨站,所属省份,13079,山西省
12483,襄汾站,所属省份,13079,山西省
12484,襄汾西站,所属省份,13079,山西省
12481,襄垣站,所属省份,13079,山西省
10901,孝南站,所属省份,13079,山西省
11030,小宋站,所属省份,13079,山西省
10905,孝西站,所属省份,13079,山西省
10073,下社站,所属省份,13079,山西省
12517,西贺村站,所属省份,13079,山西省
11416,新绛站,所属省份,13079,山西省
11295,忻州站,所属省份,13079,山西省
11296,忻州西站,所属省份,13079,山西省
12513,西武匠站,所属省份,13079,山西省
12520,西阳村站,所属省份,13079,山西省
12580,轩岗站,所属省份,13079,山西省
12823,阳高站,所属省份,13079,山西省
12822,阳高南站,所属省份,13079,山西省
12809,阳明堡站,所属省份,13079,山西省
12811,阳曲站,所属省份,13079,山西省
12817,阳泉站,所属省份,13079,山西省
12816,阳泉曲站,所属省份,13079,山西省
12812,阳曲西站,所属省份,13079,山西省
11072,岩会站,所属省份,13079,山西省
11191,应县站,所属省份,13079,山西省
11731,永和站,所属省份,13079,山西省
11745,永济站,所属省份,13079,山西省
11744,永济北站,所属省份,13079,山西省
10556,原平站,所属省份,13079,山西省
10557,原平西站,所属省份,13079,山西省
11669,榆次站,所属省份,13079,山西省
10236,云彩岭站,所属省份,13079,山西省
12603,运城站,所属省份,13079,山西省
12602,运城北站,所属省份,13079,山西省
11670,榆社站,所属省份,13079,山西省
11588,枣林站,所属省份,13079,山西省
11234,张兰站,所属省份,13079,山西省
12572,赵城站,所属省份,13079,山西省
12573,赵庄站,所属省份,13079,山西省
12744,镇城底站,所属省份,13079,山西省
10938,安德站,所属省份,13074,四川省
10945,安靖站,所属省份,13074,四川省
11104,巴中站,所属省份,13074,四川省
12370,苍溪站,所属省份,13074,四川省
12764,长宁站,所属省份,13074,四川省
11510,朝天站,所属省份,13074,四川省
11509,朝天南站,所属省份,13074,四川省
11514,朝阳湖站,所属省份,13074,四川省
11323,成都南站,所属省份,13074,四川省
11324,成都站,所属省份,13074,四川省
11322,成都东站,所属省份,13074,四川省
11325,成都西站,所属省份,13074,四川省
11090,崇州站,所属省份,13074,四川省
10774,大山铺站,所属省份,13074,四川省
10821,大邑站,所属省份,13074,四川省
10808,大英东站,所属省份,13074,四川省
12593,达州站,所属省份,13074,四川省
11288,德昌站,所属省份,13074,四川省
11291,德阳站,所属省份,13074,四川省
12675,都江堰站,所属省份,13074,四川省
11928,渡市站,所属省份,13074,四川省
11085,峨边站,所属省份,13074,四川省
11084,峨眉站,所属省份,13074,四川省
11083,峨眉山站,所属省份,13074,四川省
11046,尔赛河站,所属省份,13074,四川省
12084,甘洛站,所属省份,13074,四川省
11170,广安站,所属省份,13074,四川省
11169,广安南站,所属省份,13074,四川省
11178,广汉北站,所属省份,13074,四川省
11165,广元站,所属省份,13074,四川省
11757,汉源站,所属省份,13074,四川省
11678,横江站,所属省份,13074,四川省
12263,红峰站,所属省份,13074,四川省
12257,红光镇站,所属省份,13074,四川省
12363,花楼坝站,所属省份,13074,四川省
12362,花棚子站,所属省份,13074,四川省
10492,华蓥站,所属省份,13074,四川省
11772,江油站,所属省份,13074,四川省
11771,江油北站,所属省份,13074,四川省
10442,剑门关站,所属省份,13074,四川省
12245,简阳南站,所属省份,13074,四川省
11369,敬梓场站,所属省份,13074,四川省
11228,开江站,所属省份,13074,四川省
10897,孔滩站,所属省份,13074,四川省
12793,阆中站,所属省份,13074,四川省
11355,拉鲊站,所属省份,13074,四川省
10202,乐山站,所属省份,13074,四川省
10208,乐跃站,所属省份,13074,四川省
10206,乐武站,所属省份,13074,四川省
12329,联合乡站,所属省份,13074,四川省
12228,离堆公园站,所属省份,13074,四川省
11530,李市镇站,所属省份,13074,四川省
12858,隆昌站,所属省份,13074,四川省
12857,隆昌北站,所属省份,13074,四川省
12304,罗江东站,所属省份,13074,四川省
11712,毛坝站,所属省份,13074,四川省
12158,眉山站,所属省份,13074,四川省
12157,眉山东站,所属省份,13074,四川省
10408,冕宁站,所属省份,13074,四川省
10409,冕山站,所属省份,13074,四川省
12294,绵阳站,所属省份,13074,四川省
10624,名山站,所属省份,13074,四川省
12246,米易站,所属省份,13074,四川省
10537,南部站,所属省份,13074,四川省
10501,南充站,所属省份,13074,四川省
10500,南充北站,所属省份,13074,四川省
10526,南江站,所属省份,13074,四川省
10406,内江站,所属省份,13074,四川省
10404,内江北站,所属省份,13074,四川省
10405,内江南站,所属省份,13074,四川省
11054,尼波站,所属省份,13074,四川省
11836,泥溪站,所属省份,13074,四川省
11361,攀枝花站,所属省份,13074,四川省
12446,蓬安站,所属省份,13074,四川省
11258,彭山站,所属省份,13074,四川省
11257,彭山北站,所属省份,13074,四川省
12447,蓬溪站,所属省份,13074,四川省
11260,彭州站,所属省份,13074,四川省
11259,彭州南站,所属省份,13074,四川省
11148,平昌站,所属省份,13074,四川省
11055,屏山站,所属省份,13074,四川省
12663,郫县站,所属省份,13074,四川省
12664,郫县西站,所属省份,13074,四川省
12439,蒲坝站,所属省份,13074,四川省
12442,蒲江站,所属省份,13074,四川省
11483,普雄站,所属省份,13074,四川省
12035,犍为站,所属省份,13074,四川省
12897,青白江东站,所属省份,13074,四川省
12884,青城山站,所属省份,13074,四川省
12890,青川站,所属省份,13074,四川省
12899,青莲站,所属省份,13074,四川省
12898,青神站,所属省份,13074,四川省
12641,邛崃站,所属省份,13074,四川省
11926,渠县站,所属省份,13074,四川省
10035,三汇镇站,所属省份,13074,四川省
11811,沙马拉达站,所属省份,13074,四川省
10056,上普雄站,所属省份,13074,四川省
12175,石梯站,所属省份,13074,四川省
10564,双凤驿站,所属省份,13074,四川省
10575,双流机场站,所属省份,13074,四川省
10576,双流西站,所属省份,13074,四川省
12628,遂宁站,所属省份,13074,四川省
10849,太和北站,所属省份,13074,四川省
10848,太和东站,所属省份,13074,四川省
12724,铁口站,所属省份,13074,四川省
11629,桐子林站,所属省份,13074,四川省
12612,迤资站,所属省份,13074,四川省
10728,土溪站,所属省份,13074,四川省
12053,王场站,所属省份,13074,四川省
11248,弯坵站,所属省份,13074,四川省
10018,万源站,所属省份,13074,四川省
12078,瓦祖站,所属省份,13074,四川省
11934,温江站,所属省份,13074,四川省
11706,武胜站,所属省份,13074,四川省
12509,西昌站,所属省份,13074,四川省
12508,西昌南站,所属省份,13074,四川省
10695,喜德站,所属省份,13074,四川省
12510,西来站,所属省份,13074,四川省
11422,新都东站,所属省份,13074,四川省
10397,兴文站,所属省份,13074,四川省
11410,新江站,所属省份,13074,四川省
11413,新津站,所属省份,13074,四川省
11412,新津南站,所属省份,13074,四川省
11381,新凉站,所属省份,13074,四川省
12034,犀浦站,所属省份,13074,四川省
10990,宣汉站,所属省份,13074,四川省
12865,雅安站,所属省份,13074,四川省
12022,燕岗站,所属省份,13074,四川省
12311,羊马站,所属省份,13074,四川省
10875,姚渡站,所属省份,13074,四川省
10966,宜宾站,所属省份,13074,四川省
10965,宜宾南站,所属省份,13074,四川省
10967,宜宾西站,所属省份,13074,四川省
10001,一步滩站,所属省份,13074,四川省
12599,迎宾路站,所属省份,13074,四川省
12423,营山站,所属省份,13074,四川省
12601,迎祥街站,所属省份,13074,四川省
11750,永郎站,所属省份,13074,四川省
10321,俞冲站,所属省份,13074,四川省
11078,岳池站,所属省份,13074,四川省
11503,月华站,所属省份,13074,四川省
12577,越西站,所属省份,13074,四川省
11583,枣子林站,所属省份,13074,四川省
12340,自贡站,所属省份,13074,四川省
12558,资阳站,所属省份,13074,四川省
12557,资阳北站,所属省份,13074,四川省
12555,资中北站,所属省份,13074,四川省
10975,宝坻站,所属省份,13075,天津市
11970,滨海站,所属省份,13075,天津市
11968,滨海北站,所属省份,13075,天津市
11971,滨海西站,所属省份,13075,天津市
11499,曹子里站,所属省份,13075,天津市
11092,崔黄口站,所属省份,13075,天津市
10762,大口屯站,所属省份,13075,天津市
12907,静海站,所属省份,13075,天津市
12445,蓟州站,所属省份,13075,天津市
12444,蓟州北站,所属省份,13075,天津市
10410,军粮城北站,所属省份,13075,天津市
12350,芦台站,所属省份,13075,天津市
10054,上仓站,所属省份,13075,天津市
10747,塘沽站,所属省份,13075,天津市
10839,天津站,所属省份,13075,天津市
10837,天津北站,所属省份,13075,天津市
10838,天津南站,所属省份,13075,天津市
10840,天津西站,所属省份,13075,天津市
11704,武清站,所属省份,13075,天津市
10069,下仓站,所属省份,13075,天津市
11544,杨村站,所属省份,13075,天津市
11547,杨柳青站,所属省份,13075,天津市
10929,安多站,所属省份,13093,西藏自治区
11253,当雄站,所属省份,13093,西藏自治区
11354,拉萨站,所属省份,13093,西藏自治区
12644,那曲站,所属省份,13093,西藏自治区
11053,尼木站,所属省份,13093,西藏自治区
11490,曲水县站,所属省份,13093,西藏自治区
10277,仁布站,所属省份,13093,西藏自治区
11439,日喀则站,所属省份,13093,西藏自治区
12825,阿克苏站,所属省份,13082,新疆维吾尔自治区
12826,阿克陶站,所属省份,13082,新疆维吾尔自治区
12835,阿拉山口站,所属省份,13082,新疆维吾尔自治区
12827,阿勒泰站,所属省份,13082,新疆维吾尔自治区
12828,阿图什站,所属省份,13082,新疆维吾尔自治区
11110,巴楚站,所属省份,13082,新疆维吾尔自治区
10465,北屯站,所属省份,13082,新疆维吾尔自治区
10464,北屯市站,所属省份,13082,新疆维吾尔自治区
12591,达坂城站,所属省份,13082,新疆维吾尔自治区
12925,额敏站,所属省份,13082,新疆维吾尔自治区
12220,福海站,所属省份,13082,新疆维吾尔自治区
10664,哈密站,所属省份,13082,新疆维吾尔自治区
10652,和静站,所属省份,13082,新疆维吾尔自治区
10649,和什托洛盖站,所属省份,13082,新疆维吾尔自治区
10651,和硕站,所属省份,13082,新疆维吾尔自治区
10650,和田站,所属省份,13082,新疆维吾尔自治区
12873,霍城站,所属省份,13082,新疆维吾尔自治区
12874,霍尔果斯站,所属省份,13082,新疆维吾尔自治区
12249,精河南站,所属省份,13082,新疆维吾尔自治区
12712,金银川站,所属省份,13082,新疆维吾尔自治区
10691,喀什站,所属省份,13082,新疆维吾尔自治区
10344,克拉玛依站,所属省份,13082,新疆维吾尔自治区
11189,库车站,所属省份,13082,新疆维吾尔自治区
11188,库尔勒站,所属省份,13082,新疆维吾尔自治区
10866,奎屯站,所属省份,13082,新疆维吾尔自治区
11450,昆玉站,所属省份,13082,新疆维吾尔自治区
11604,柳树泉站,所属省份,13082,新疆维吾尔自治区
12581,轮台站,所属省份,13082,新疆维吾尔自治区
12937,马兰站,所属省份,13082,新疆维吾尔自治区
12058,玛纳斯站,所属省份,13082,新疆维吾尔自治区
10749,墨玉站,所属省份,13082,新疆维吾尔自治区
11052,尼勒克站,所属省份,13082,新疆维吾尔自治区
12144,皮山站,所属省份,13082,新疆维吾尔自治区
10006,七泉湖站,所属省份,13082,新疆维吾尔自治区
12405,莎车站,所属省份,13082,新疆维吾尔自治区
12683,鄯善站,所属省份,13082,新疆维吾尔自治区
12682,鄯善北站,所属省份,13082,新疆维吾尔自治区
11810,沙湾县站,所属省份,13082,新疆维吾尔自治区
12176,石河子站,所属省份,13082,新疆维吾尔自治区
10572,双河市站,所属省份,13082,新疆维吾尔自治区
10713,四棵树站,所属省份,13082,新疆维吾尔自治区
10741,塔城站,所属省份,13082,新疆维吾尔自治区
12722,铁厂沟站,所属省份,13082,新疆维吾尔自治区
10628,吐哈站,所属省份,13082,新疆维吾尔自治区
10630,吐鲁番站,所属省份,13082,新疆维吾尔自治区
10629,吐鲁番北站,所属省份,13082,新疆维吾尔自治区
10198,乌鲁木齐站,所属省份,13082,新疆维吾尔自治区
10197,乌鲁木齐南站,所属省份,13082,新疆维吾尔自治区
10195,乌苏站,所属省份,13082,新疆维吾尔自治区
11388,新和站,所属省份,13082,新疆维吾尔自治区
12014,焉耆站,所属省份,13082,新疆维吾尔自治区
10605,叶城站,所属省份,13082,新疆维吾尔自治区
12380,英吉沙站,所属省份,13082,新疆维吾尔自治区
10291,伊宁站,所属省份,13082,新疆维吾尔自治区
12973,鱼儿沟站,所属省份,13082,新疆维吾尔自治区
11843,泽普站,所属省份,13082,新疆维吾尔自治区
12115,白沙坡站,所属省份,13070,云南省
12114,白水镇站,所属省份,13070,云南省
12064,班猫箐站,所属省份,13070,云南省
12369,苍坪站,所属省份,13070,云南省
11068,岔河站,所属省份,13070,云南省
12760,长坡岭站,所属省份,13070,云南省
12579,车转湾站,所属省份,13070,云南省
11661,楚雄站,所属省份,13070,云南省
10759,大关站,所属省份,13070,云南省
10798,大理站,所属省份,13070,云南省
10796,大湾子站,所属省份,13070,云南省
12638,邓家湾站,所属省份,13070,云南省
12539,豆沙关站,所属省份,13070,云南省
10224,二道桥站,所属省份,13070,云南省
11005,富宁站,所属省份,13070,云南省
11010,富源站,所属省份,13070,云南省
11009,富源北站,所属省份,13070,云南省
11166,广南卫站,所属省份,13070,云南省
11167,广南县站,所属省份,13070,云南省
11179,广通北站,所属省份,13070,云南省
11818,河口北站,所属省份,13070,云南省
12992,鹤庆站,所属省份,13070,云南省
12268,红江站,所属省份,13070,云南省
13022,黄瓜园站,所属省份,13070,云南省
11768,江所田站,所属省份,13070,云南省
11216,建水站,所属省份,13070,云南省
11449,昆明站,所属省份,13070,云南省
11448,昆明南站,所属省份,13070,云南省
10201,乐善村站,所属省份,13070,云南省
10174,丽江站,所属省份,13070,云南省
10148,临江溪站,所属省份,13070,云南省
12212,禄丰南站,所属省份,13070,云南省
12354,芦沟站,所属省份,13070,云南省
12843,陆良站,所属省份,13070,云南省
12303,罗平站,所属省份,13070,云南省
12945,马龙站,所属省份,13070,云南省
12386,茂舍祖站,所属省份,13070,云南省
12438,蒙自站,所属省份,13070,云南省
11247,弥勒站,所属省份,13070,云南省
10502,南华站,所属省份,13070,云南省
11056,屏边站,所属省份,13070,云南省
11150,平河口站,所属省份,13070,云南省
11480,普洱渡站,所属省份,13070,云南省
11482,普者黑站,所属省份,13070,云南省
10007,七甸站,所属省份,13070,云南省
11491,曲江站,所属省份,13070,云南省
11495,曲靖站,所属省份,13070,云南省
11494,曲靖北站,所属省份,13070,云南省
11806,沙沙坡站,所属省份,13070,云南省
11429,施家嘴站,所属省份,13070,云南省
12171,石林站,所属省份,13070,云南省
12170,石林南站,所属省份,13070,云南省
12172,石林西站,所属省份,13070,云南省
11113,师庄站,所属省份,13070,云南省
11112,师宗站,所属省份,13070,云南省
11722,水富站,所属省份,13070,云南省
11094,嵩明站,所属省份,13070,云南省
11972,滩头站,所属省份,13070,云南省
12090,田梁子站,所属省份,13070,云南省
12732,铜鼓溪站,所属省份,13070,云南省
12622,通海站,所属省份,13070,云南省
12055,王家营西站,所属省份,13070,云南省
10878,威信站,所属省份,13070,云南省
10637,吴官田站,所属省份,13070,云南省
12211,祥云站,所属省份,13070,云南省
10284,仙水站,所属省份,13070,云南省
11035,小得江站,所属省份,13070,云南省
11025,小儿坪站,所属省份,13070,云南省
11026,小关溪站,所属省份,13070,云南省
11028,小哨站,所属省份,13070,云南省
11037,小新街站,所属省份,13070,云南省
12516,西街口站,所属省份,13070,云南省
11395,新安站,所属省份,13070,云南省
10988,宣威站,所属省份,13070,云南省
12235,秧草地站,所属省份,13070,云南省
11546,杨林站,所属省份,13070,云南省
12308,羊尾哨站,所属省份,13070,云南省
12309,羊者窝站,所属省份,13070,云南省
12149,盐津站,所属省份,13070,云南省
12148,盐津北站,所属省份,13070,云南省
11255,彝良站,所属省份,13070,云南省
10972,宜良北站,所属省份,13070,云南省
11254,彝良南站,所属省份,13070,云南省
10971,宜耐站,所属省份,13070,云南省
11728,永丰营站,所属省份,13070,云南省
10336,元谋西站,所属省份,13070,云南省
10233,云南驿站,所属省份,13070,云南省
12047,玉溪站,所属省份,13070,云南省
11501,曾家坪子站,所属省份,13070,云南省
12017,照福铺站,所属省份,13070,云南省
11467,昭通站,所属省份,13070,云南省
11465,昭通北站,所属省份,13070,云南省
11466,昭通南站,所属省份,13070,云南省
12753,镇雄站,所属省份,13070,云南省
10131,中寨站,所属省份,13070,云南省
12063,珠琳站,所属省份,13070,云南省
12368,苍南站,所属省份,13087,浙江省
11115,常山站,所属省份,13087,浙江省
12757,长兴站,所属省份,13087,浙江省
12756,长兴南站,所属省份,13087,浙江省
11289,德清站,所属省份,13087,浙江省
11290,德清西站,所属省份,13087,浙江省
10865,奉化站,所属省份,13087,浙江省
11013,富阳站,所属省份,13087,浙江省
11875,海宁站,所属省份,13087,浙江省
11876,海宁西站,所属省份,13087,浙江省
11553,杭州站,所属省份,13087,浙江省
11552,杭州东站,所属省份,13087,浙江省
11942,湖州站,所属省份,13087,浙江省
11213,建德站,所属省份,13087,浙江省
11767,江山站,所属省份,13087,浙江省
10699,嘉善站,所属省份,13087,浙江省
10698,嘉善南站,所属省份,13087,浙江省
10697,嘉兴站,所属省份,13087,浙江省
10696,嘉兴南站,所属省份,13087,浙江省
12698,金华站,所属省份,13087,浙江省
12697,金华南站,所属省份,13087,浙江省
12298,缙云站,所属省份,13087,浙江省
12299,缙云西站,所属省份,13087,浙江省
11221,开化站,所属省份,13087,浙江省
10378,兰溪站,所属省份,13087,浙江省
10207,乐清站,所属省份,13087,浙江省
10159,临海站,所属省份,13087,浙江省
10173,丽水站,所属省份,13087,浙江省
13065,龙游站,所属省份,13087,浙江省
10919,宁波站,所属省份,13087,浙江省
10920,宁海站,所属省份,13087,浙江省
11154,平湖站,所属省份,13087,浙江省
11162,平阳站,所属省份,13087,浙江省
10482,千岛湖站,所属省份,13087,浙江省
12896,青田站,所属省份,13087,浙江省
12477,衢州站,所属省份,13087,浙江省
12067,瑞安站,所属省份,13087,浙江省
10046,三门县站,所属省份,13087,浙江省
10052,三阳站,所属省份,13087,浙江省
10064,上虞站,所属省份,13087,浙江省
12280,绍兴站,所属省份,13087,浙江省
12279,绍兴北站,所属省份,13087,浙江省
12278,绍兴东站,所属省份,13087,浙江省
12276,绅坊站,所属省份,13087,浙江省
10604,台州站,所属省份,13087,浙江省
11630,桐庐站,所属省份,13087,浙江省
11627,桐乡站,所属省份,13087,浙江省
11929,温岭站,所属省份,13087,浙江省
11931,温州站,所属省份,13087,浙江省
11930,温州南站,所属省份,13087,浙江省
11690,武义站,所属省份,13087,浙江省
11689,武义北站,所属省份,13087,浙江省
12864,雁荡山站,所属省份,13087,浙江省
10176,义乌站,所属省份,13087,浙江省
11732,永嘉站,所属省份,13087,浙江省
11742,永康站,所属省份,13087,浙江省
11741,永康南站,所属省份,13087,浙江省
10303,余杭站,所属省份,13087,浙江省
10302,余姚站,所属省份,13087,浙江省
10301,余姚北站,所属省份,13087,浙江省
11181,庄桥站,所属省份,13087,浙江省
12534,诸暨站,所属省份,13087,浙江省
11659,椑木镇站,所属省份,13074,四川省
11688,步行街站,所属省份,13074,四川省
12934,香港红磡站,所属省份,13099,香港特别行政区
